Plant,transportationplanningdate,util_case_picks,util_pallets,order_count,Day,Report_Run_Date
5410,2024-07-01,6428,85,7,Mon,2024-06-21
5490,2024-09-08,16,130,8,Sun,2024-06-21
5420,2024-07-02,4189,153,9,Tue,2024-06-21
5420,2024-08-05,0,188,10,Mon,2024-06-21
5385,2024-08-15,32,167,9,Thu,2024-06-21
5410,2024-11-23,0,41,2,Sat,2024-06-21
5385,2024-10-30,3,23,1,Wed,2024-06-21
5420,2024-07-30,0,20,1,Tue,2024-06-21
5410,2024-09-04,48,77,4,Wed,2024-06-21
5420,2024-07-05,40,104,3,Fri,2024-06-21
5410,2024-08-20,0,19,1,Tue,2024-06-21
5641,2024-09-13,0,16,1,Fri,2024-06-21
5641,2024-08-11,0,17,1,Sun,2024-06-21
5385,2024-09-25,81,113,8,Wed,2024-06-21
5083,2024-07-19,302,1,9,Fri,2024-06-21
5385,2024-08-07,0,74,4,Wed,2024-06-21
5420,2024-11-27,0,24,1,Wed,2024-06-21
5420,2024-07-19,5,47,1,Fri,2024-06-21
5385,2024-10-15,72,18,1,Tue,2024-06-21
5420,2024-12-01,26,34,3,Sun,2024-06-21
5641,2024-07-21,0,27,2,Sun,2024-06-21
5083,2024-08-24,1247,93,5,Sat,2024-06-21
5490,2024-08-06,32,29,2,Tue,2024-06-21
5083,2024-07-16,455,31,15,Tue,2024-06-21
5420,2024-09-17,72,18,1,Tue,2024-06-21
5420,2024-08-12,0,38,2,Mon,2024-06-21
5490,2024-09-23,0,19,1,Mon,2024-06-21
5385,2024-08-03,40,18,1,Sat,2024-06-21
5385,2024-07-09,226,27,3,Tue,2024-06-21
5490,2024-07-08,527,0,1,Mon,2024-06-21
5490,2024-08-05,0,59,2,Mon,2024-06-21
5620,2024-08-15,110,54,2,Thu,2024-06-21
5410,2024-09-18,0,19,1,Wed,2024-06-21
5420,2024-08-28,0,77,4,Wed,2024-06-21
5410,2024-08-21,0,19,1,Wed,2024-06-21
5385,2024-07-04,331,10,4,Thu,2024-06-21
5420,2024-08-30,0,29,1,Fri,2024-06-21
5420,2024-10-09,236,118,6,Wed,2024-06-21
5490,2024-09-18,29,4,1,Wed,2024-06-21
5385,2024-06-24,25934,914,59,Mon,2024-06-21
5420,2024-08-15,151,223,9,Thu,2024-06-21
5420,2024-10-27,0,116,5,Sun,2024-06-21
5490,2024-08-16,6,0,1,Fri,2024-06-21
5620,2024-07-14,18,127,3,Sun,2024-06-21
5620,2024-07-20,0,15,1,Sat,2024-06-21
5641,2024-06-23,4376,137,14,Sun,2024-06-21
5083,2024-07-07,1158,25,8,Sun,2024-06-21
5420,2024-09-29,13,69,4,Sun,2024-06-21
5420,2024-11-02,20,10,2,Sat,2024-06-21
5385,2024-10-02,0,16,1,Wed,2024-06-21
5385,2024-07-02,2999,130,5,Tue,2024-06-21
5385,2024-09-22,86,51,4,Sun,2024-06-21
5420,2024-06-30,10273,281,19,Sun,2024-06-21
5385,2024-06-25,95406,1600,97,Tue,2024-06-21
5620,2024-07-01,1787,10,6,Mon,2024-06-21
5420,2024-09-01,13,124,7,Sun,2024-06-21
5490,2024-07-03,589,29,3,Wed,2024-06-21
5385,2024-07-06,1501,17,4,Sat,2024-06-21
5620,2024-06-27,32833,1015,57,Thu,2024-06-21
5490,2024-06-26,57284,826,77,Wed,2024-06-21
5420,2024-10-13,39,39,4,Sun,2024-06-21
5420,2024-07-07,620,151,5,Sun,2024-06-21
5620,2024-07-13,165,60,2,Sat,2024-06-21
5083,2024-07-05,360,1,10,Fri,2024-06-21
5420,2024-09-30,0,80,4,Mon,2024-06-21
5490,2024-09-16,0,25,1,Mon,2024-06-21
5620,2024-09-24,0,43,2,Tue,2024-06-21
5641,2024-09-02,27,23,2,Mon,2024-06-21
5385,2024-07-16,0,12,1,Tue,2024-06-21
5083,2024-07-15,1859,58,30,Mon,2024-06-21
5420,2024-07-03,1383,51,11,Wed,2024-06-21
5420,2024-09-03,0,209,11,Tue,2024-06-21
5620,2024-07-06,5568,78,2,Sat,2024-06-21
5410,2024-07-16,40,32,1,Tue,2024-06-21
5490,2024-09-11,0,20,1,Wed,2024-06-21
5385,2024-09-26,16,32,2,Thu,2024-06-21
5385,2024-09-01,476,43,6,Sun,2024-06-21
5410,2024-06-23,12596,264,22,Sun,2024-06-21
5410,2024-09-12,0,18,1,Thu,2024-06-21
5420,2024-10-03,0,115,6,Thu,2024-06-21
5420,2024-09-22,13,58,4,Sun,2024-06-21
5420,2024-08-31,0,54,2,Sat,2024-06-21
5490,2024-08-20,0,19,1,Tue,2024-06-21
5385,2024-09-16,58,54,6,Mon,2024-06-21
5420,2024-07-14,0,20,1,Sun,2024-06-21
5385,2024-09-15,6,65,4,Sun,2024-06-21
5420,2024-07-22,0,178,6,Mon,2024-06-21
5083,2024-08-06,112,21,1,Tue,2024-06-21
5620,2024-07-24,0,15,1,Wed,2024-06-21
5620,2024-09-28,50,16,1,Sat,2024-06-21
5620,2024-10-24,0,19,1,Thu,2024-06-21
5420,2024-08-03,20,0,1,Sat,2024-06-21
5083,2024-07-10,677,17,22,Wed,2024-06-21
5385,2024-09-11,0,57,3,Wed,2024-06-21
5083,2024-07-09,933,35,19,Tue,2024-06-21
5083,2024-07-22,1224,45,6,Mon,2024-06-21
5420,2024-08-14,262,34,2,Wed,2024-06-21
5490,2024-08-24,0,19,1,Sat,2024-06-21
5490,2024-08-21,0,21,1,Wed,2024-06-21
5083,2024-08-02,438,5,3,Fri,2024-06-21
5385,2024-09-18,20,17,2,Wed,2024-06-21
5620,2024-07-11,40,47,2,Thu,2024-06-21
5620,2024-11-14,49,58,3,Thu,2024-06-21
5620,2024-10-02,110,31,1,Wed,2024-06-21
5620,2024-07-03,1879,59,3,Wed,2024-06-21
5420,2024-10-25,0,19,1,Fri,2024-06-21
5385,2024-09-29,36,1,1,Sun,2024-06-21
5410,2024-09-14,0,19,1,Sat,2024-06-21
5420,2024-10-02,0,75,4,Wed,2024-06-21
5420,2024-11-11,0,19,1,Mon,2024-06-21
5420,2024-09-10,0,36,2,Tue,2024-06-21
5620,2024-09-27,0,20,1,Fri,2024-06-21
5641,2024-06-22,1121,154,25,Sat,2024-06-21
5641,2024-06-24,4133,325,43,Mon,2024-06-21
5385,2024-06-22,15659,168,15,Sat,2024-06-21
5420,2024-07-08,679,123,7,Mon,2024-06-21
5410,2024-08-12,4,21,1,Mon,2024-06-21
5620,2024-08-14,68,25,1,Wed,2024-06-21
5620,2024-07-07,173,0,1,Sun,2024-06-21
5410,2024-08-28,60,53,3,Wed,2024-06-21
5385,2024-10-23,0,17,1,Wed,2024-06-21
5420,2024-07-11,285,99,6,Thu,2024-06-21
5083,2024-07-18,638,12,9,Thu,2024-06-21
5410,2024-08-31,0,58,3,Sat,2024-06-21
5083,2024-08-30,259,11,1,Fri,2024-06-21
5641,2024-07-11,0,10,1,Thu,2024-06-21
5620,2024-12-01,110,31,1,Sun,2024-06-21
5083,2024-06-28,3961,61,42,Fri,2024-06-21
5385,2024-09-14,0,19,1,Sat,2024-06-21
5420,2024-06-22,14693,394,45,Sat,2024-06-21
5083,2024-07-26,519,4,13,Fri,2024-06-21
5420,2024-07-06,2192,44,5,Sat,2024-06-21
5385,2024-08-12,0,41,2,Mon,2024-06-21
5620,2024-08-09,0,23,1,Fri,2024-06-21
5385,2024-07-01,8049,68,5,Mon,2024-06-21
5490,2024-06-23,9109,206,28,Sun,2024-06-21
5620,2024-07-08,1740,146,5,Mon,2024-06-21
5641,2024-07-17,55,21,2,Wed,2024-06-21
5410,2024-11-02,0,50,3,Sat,2024-06-21
5641,2024-07-14,32,17,2,Sun,2024-06-21
5385,2024-08-17,0,805,38,Sat,2024-06-21
5420,2024-08-18,20,37,3,Sun,2024-06-21
5620,2024-07-28,18,115,4,Sun,2024-06-21
5410,2024-07-06,687,5,2,Sat,2024-06-21
5083,2024-08-31,959,42,3,Sat,2024-06-21
5420,2024-10-15,0,20,1,Tue,2024-06-21
5410,2024-09-03,0,54,2,Tue,2024-06-21
5420,2024-09-28,0,62,3,Sat,2024-06-21
5410,2024-09-13,0,103,5,Fri,2024-06-21
5641,2024-08-04,0,17,1,Sun,2024-06-21
5773,2024-07-28,416,3,1,Sun,2024-06-21
5620,2024-09-21,131,40,4,Sat,2024-06-21
5420,2024-10-04,19,39,3,Fri,2024-06-21
5385,2024-08-02,0,36,2,Fri,2024-06-21
5083,2024-08-10,822,2,3,Sat,2024-06-21
5490,2024-09-19,1,46,2,Thu,2024-06-21
5490,2024-10-07,0,19,1,Mon,2024-06-21
5420,2024-06-29,6490,236,9,Sat,2024-06-21
5385,2024-06-28,34608,629,44,Fri,2024-06-21
5620,2024-07-21,360,38,1,Sun,2024-06-21
5773,2024-06-27,77,2,4,Thu,2024-06-21
5773,2024-06-26,1808,11,10,Wed,2024-06-21
5490,2024-08-17,0,19,1,Sat,2024-06-21
5490,2024-07-22,0,17,1,Mon,2024-06-21
5420,2024-10-05,0,19,1,Sat,2024-06-21
5420,2024-06-25,53485,1644,84,Tue,2024-06-21
5641,2024-06-27,5673,409,45,Thu,2024-06-21
5083,2024-07-06,418,11,4,Sat,2024-06-21
5420,2024-11-17,19,39,3,Sun,2024-06-21
5620,2024-07-04,163,0,1,Thu,2024-06-21
5410,2024-09-30,0,40,2,Mon,2024-06-21
5410,2024-06-28,1952,278,13,Fri,2024-06-21
5420,2024-12-15,37,3,2,Sun,2024-06-21
5385,2024-08-27,0,17,1,Tue,2024-06-21
5410,2024-06-21,14470,485,50,Fri,2024-06-21
5490,2024-06-30,4930,83,12,Sun,2024-06-21
5385,2024-09-08,0,52,3,Sun,2024-06-21
5620,2024-12-12,0,56,2,Thu,2024-06-21
5385,2024-07-15,20,37,2,Mon,2024-06-21
5410,2024-06-24,66122,1238,89,Mon,2024-06-21
5490,2024-06-28,21060,224,27,Fri,2024-06-21
5420,2024-09-19,90,25,2,Thu,2024-06-21
5641,2024-08-31,0,17,1,Sat,2024-06-21
5641,2024-09-07,48,38,2,Sat,2024-06-21
5385,2024-09-04,96,27,5,Wed,2024-06-21
5410,2024-07-13,0,19,1,Sat,2024-06-21
5620,2024-10-20,20,0,1,Sun,2024-06-21
5490,2024-07-23,2,7,1,Tue,2024-06-21
5420,2024-10-28,0,19,1,Mon,2024-06-21
5490,2024-09-10,0,20,1,Tue,2024-06-21
5083,2024-09-04,266,10,1,Wed,2024-06-21
5620,2024-11-10,0,17,1,Sun,2024-06-21
5773,2024-07-09,45,0,3,Tue,2024-06-21
5620,2024-10-12,50,16,1,Sat,2024-06-21
5620,2024-09-29,0,19,1,Sun,2024-06-21
5083,2024-06-23,103,0,4,Sun,2024-06-21
5773,2024-07-01,48,14,6,Mon,2024-06-21
5083,2024-08-28,401,18,1,Wed,2024-06-21
5420,2024-08-29,0,29,1,Thu,2024-06-21
5385,2024-09-21,33,52,4,Sat,2024-06-21
5620,2024-09-02,130,31,2,Mon,2024-06-21
5385,2024-11-01,2,6,1,Fri,2024-06-21
5083,2024-08-11,527,12,3,Sun,2024-06-21
5410,2024-08-29,0,37,2,Thu,2024-06-21
5083,2024-09-06,320,6,1,Fri,2024-06-21
5083,2024-06-24,22123,248,128,Mon,2024-06-21
5083,2024-07-24,288,15,3,Wed,2024-06-21
5083,2024-09-14,763,3,2,Sat,2024-06-21
5420,2024-09-08,33,27,3,Sun,2024-06-21
5490,2024-09-03,0,8,1,Tue,2024-06-21
5410,2024-09-05,0,34,2,Thu,2024-06-21
5410,2024-09-23,0,24,1,Mon,2024-06-21
5490,2024-10-23,0,18,1,Wed,2024-06-21
5420,2024-11-03,42,36,4,Sun,2024-06-21
5420,2024-08-20,50,101,4,Tue,2024-06-21
5410,2024-06-29,3854,301,12,Sat,2024-06-21
5420,2024-09-15,108,78,8,Sun,2024-06-21
5773,2024-07-12,92,0,2,Fri,2024-06-21
5410,2024-07-05,2353,37,4,Fri,2024-06-21
5490,2024-08-12,0,19,1,Mon,2024-06-21
5420,2024-12-08,37,3,2,Sun,2024-06-21
5083,2024-07-11,552,9,24,Thu,2024-06-21
5420,2024-06-24,53127,1609,97,Mon,2024-06-21
5773,2024-06-25,1995,11,11,Tue,2024-06-21
5410,2024-08-10,0,19,1,Sat,2024-06-21
5385,2024-07-05,194,88,5,Fri,2024-06-21
5641,2024-07-05,548,26,8,Fri,2024-06-21
5083,2024-08-05,1204,38,4,Mon,2024-06-21
5490,2024-09-20,109,45,3,Fri,2024-06-21
5385,2024-07-07,1370,24,3,Sun,2024-06-21
5490,2024-06-22,6462,161,27,Sat,2024-06-21
5083,2024-07-02,1275,12,46,Tue,2024-06-21
5641,2024-07-29,0,17,1,Mon,2024-06-21
5385,2024-11-04,0,17,1,Mon,2024-06-21
5641,2024-06-26,8838,264,44,Wed,2024-06-21
5410,2024-06-30,4867,126,10,Sun,2024-06-21
5773,2024-07-15,180,5,3,Mon,2024-06-21
5620,2024-10-05,50,33,2,Sat,2024-06-21
5420,2024-11-06,19,57,4,Wed,2024-06-21
5620,2024-08-04,0,19,1,Sun,2024-06-21
5083,2024-07-12,646,6,15,Fri,2024-06-21
5420,2024-11-10,69,11,4,Sun,2024-06-21
5641,2024-08-12,0,17,1,Mon,2024-06-21
5410,2024-08-30,0,20,1,Fri,2024-06-21
5083,2024-08-27,1393,46,3,Tue,2024-06-21
5410,2024-10-30,0,24,1,Wed,2024-06-21
5420,2024-11-19,18,2,1,Tue,2024-06-21
5490,2024-06-29,3150,106,6,Sat,2024-06-21
5490,2024-07-01,2938,63,5,Mon,2024-06-21
5083,2024-06-25,29325,287,84,Tue,2024-06-21
5620,2024-08-22,128,27,1,Thu,2024-06-21
5410,2024-07-09,1041,98,6,Tue,2024-06-21
5773,2024-07-16,19,0,3,Tue,2024-06-21
5083,2024-09-05,265,17,1,Thu,2024-06-21
5083,2024-07-31,332,5,1,Wed,2024-06-21
5420,2024-09-21,10,10,1,Sat,2024-06-21
5410,2024-09-19,0,19,1,Thu,2024-06-21
5420,2024-11-24,25,15,2,Sun,2024-06-21
5385,2024-06-26,110295,1804,105,Wed,2024-06-21
5410,2024-07-08,2746,93,6,Mon,2024-06-21
5420,2024-10-06,52,44,5,Sun,2024-06-21
5620,2024-09-08,76,319,18,Sun,2024-06-21
5773,2024-07-11,94,1,5,Thu,2024-06-21
5410,2024-08-22,0,19,1,Thu,2024-06-21
5420,2024-06-21,42360,716,94,Fri,2024-06-21
5385,2024-06-21,52941,1221,101,Fri,2024-06-21
5410,2024-06-26,65743,1230,69,Wed,2024-06-21
5385,2024-06-27,32480,767,49,Thu,2024-06-21
5410,2024-10-19,0,28,2,Sat,2024-06-21
5410,2024-07-22,136,86,4,Mon,2024-06-21
5773,2024-07-21,267,6,1,Sun,2024-06-21
5410,2024-07-03,0,46,2,Wed,2024-06-21
5420,2024-08-13,0,19,1,Tue,2024-06-21
5420,2024-09-12,8,5,1,Thu,2024-06-21
5773,2024-06-28,180,0,6,Fri,2024-06-21
5490,2024-06-21,10970,691,61,Fri,2024-06-21
5620,2024-06-21,16553,482,42,Fri,2024-06-21
5620,2024-09-15,54,190,11,Sun,2024-06-21
5083,2024-07-29,1215,62,4,Mon,2024-06-21
5641,2024-07-04,225,0,2,Thu,2024-06-21
5620,2024-09-01,39,0,1,Sun,2024-06-21
5641,2024-07-19,72,0,1,Fri,2024-06-21
5641,2024-07-07,194,18,2,Sun,2024-06-21
5385,2024-08-13,48,55,4,Tue,2024-06-21
5641,2024-06-30,1044,63,3,Sun,2024-06-21
5490,2024-08-19,120,57,3,Mon,2024-06-21
5385,2024-07-03,7,0,1,Wed,2024-06-21
5773,2024-08-11,269,2,1,Sun,2024-06-21
5385,2024-09-09,0,19,1,Mon,2024-06-21
5773,2024-07-03,101,0,3,Wed,2024-06-21
5410,2024-09-02,0,20,1,Mon,2024-06-21
5641,2024-07-08,381,27,4,Mon,2024-06-21
5420,2024-07-21,0,260,5,Sun,2024-06-21
5773,2024-07-02,84,0,5,Tue,2024-06-21
5083,2024-09-07,671,25,2,Sat,2024-06-21
5490,2024-07-07,441,32,3,Sun,2024-06-21
5620,2024-06-29,9651,129,7,Sat,2024-06-21
5083,2024-08-08,325,3,1,Thu,2024-06-21
5410,2024-09-21,38,0,1,Sat,2024-06-21
5773,2024-06-21,3022,24,20,Fri,2024-06-21
5420,2024-10-07,27,215,13,Mon,2024-06-21
5490,2024-06-27,32489,562,54,Thu,2024-06-21
5385,2024-10-27,28,54,4,Sun,2024-06-21
5641,2024-08-18,0,17,1,Sun,2024-06-21
5420,2024-09-06,0,18,1,Fri,2024-06-21
5410,2024-10-01,0,38,2,Tue,2024-06-21
5620,2024-08-21,68,25,1,Wed,2024-06-21
5490,2024-07-05,250,35,3,Fri,2024-06-21
5420,2024-11-04,19,94,6,Mon,2024-06-21
5420,2024-09-18,20,18,2,Wed,2024-06-21
5420,2024-09-20,0,16,1,Fri,2024-06-21
5083,2024-06-22,14,0,1,Sat,2024-06-21
5620,2024-07-22,0,24,2,Mon,2024-06-21
5410,2024-08-06,0,93,5,Tue,2024-06-21
5420,2024-07-15,40,22,2,Mon,2024-06-21
5641,2024-08-09,0,32,1,Fri,2024-06-21
5410,2024-07-02,1066,144,5,Tue,2024-06-21
5420,2024-06-28,12192,312,24,Fri,2024-06-21
5620,2024-09-20,28,116,6,Fri,2024-06-21
5620,2024-09-09,0,78,4,Mon,2024-06-21
5083,2024-08-29,262,5,1,Thu,2024-06-21
5420,2024-07-12,0,61,1,Fri,2024-06-21
5641,2024-08-13,0,17,1,Tue,2024-06-21
5420,2024-07-01,2266,166,12,Mon,2024-06-21
5385,2024-08-14,0,326,15,Wed,2024-06-21
5083,2024-07-01,994,18,18,Mon,2024-06-21
5385,2024-08-11,4,104,3,Sun,2024-06-21
5620,2024-09-22,0,51,3,Sun,2024-06-21
5490,2024-07-04,564,2,1,Thu,2024-06-21
5773,2024-07-10,38,0,6,Wed,2024-06-21
5083,2024-09-17,888,49,3,Tue,2024-06-21
5385,2024-08-01,72,37,2,Thu,2024-06-21
5385,2024-09-02,0,49,2,Mon,2024-06-21
5620,2024-08-05,230,0,1,Mon,2024-06-21
5083,2024-09-11,276,8,1,Wed,2024-06-21
5083,2024-07-30,120,12,2,Tue,2024-06-21
5620,2024-08-08,0,4,1,Thu,2024-06-21
5490,2024-08-15,47,98,6,Thu,2024-06-21
5620,2024-06-25,28680,1236,74,Tue,2024-06-21
5620,2024-09-19,122,67,5,Thu,2024-06-21
5410,2024-08-16,0,20,1,Fri,2024-06-21
5620,2024-10-13,0,35,2,Sun,2024-06-21
5083,2024-09-15,444,9,2,Sun,2024-06-21
5410,2024-08-19,50,39,1,Mon,2024-06-21
5641,2024-07-27,0,17,1,Sat,2024-06-21
5083,2024-08-01,434,3,2,Thu,2024-06-21
5420,2024-06-26,72659,1549,122,Wed,2024-06-21
5620,2024-07-09,1931,79,6,Tue,2024-06-21
5641,2024-07-30,0,17,1,Tue,2024-06-21
5083,2024-07-21,1179,27,3,Sun,2024-06-21
5641,2024-06-29,122,30,2,Sat,2024-06-21
5490,2024-09-21,0,19,1,Sat,2024-06-21
5490,2024-07-10,27,0,1,Wed,2024-06-21
5410,2024-07-07,747,26,1,Sun,2024-06-21
5420,2024-10-22,0,20,1,Tue,2024-06-21
5641,2024-06-21,6417,387,59,Fri,2024-06-21
5490,2024-09-12,0,48,2,Thu,2024-06-21
5385,2024-08-23,0,19,1,Fri,2024-06-21
5641,2024-07-10,468,17,2,Wed,2024-06-21
5490,2024-07-06,0,33,1,Sat,2024-06-21
5620,2024-07-18,0,12,1,Thu,2024-06-21
5083,2024-06-21,22139,237,160,Fri,2024-06-21
5490,2024-06-24,27833,668,49,Mon,2024-06-21
5410,2024-11-01,0,404,22,Fri,2024-06-21
5410,2024-06-27,34524,627,54,Thu,2024-06-21
5620,2024-09-07,38,77,5,Sat,2024-06-21
5410,2024-06-25,36678,822,52,Tue,2024-06-21
5083,2024-07-25,430,2,2,Thu,2024-06-21
5083,2024-09-08,121,0,1,Sun,2024-06-21
5620,2024-10-16,0,19,1,Wed,2024-06-21
5385,2024-06-23,26622,322,26,Sun,2024-06-21
5420,2024-12-29,20,23,2,Sun,2024-06-21
5773,2024-06-24,4634,47,23,Mon,2024-06-21
5620,2024-11-24,0,19,1,Sun,2024-06-21
5641,2024-07-06,690,24,4,Sat,2024-06-21
5620,2024-08-28,68,25,1,Wed,2024-06-21
5620,2024-06-23,25188,698,29,Sun,2024-06-21
5620,2024-06-30,2795,187,6,Sun,2024-06-21
5620,2024-09-10,0,59,3,Tue,2024-06-21
5385,2024-06-30,9411,226,10,Sun,2024-06-21
5083,2024-08-09,307,2,3,Fri,2024-06-21
5420,2024-08-11,0,17,1,Sun,2024-06-21
5641,2024-07-22,0,37,2,Mon,2024-06-21
5620,2024-08-03,0,19,1,Sat,2024-06-21
5385,2024-07-13,209,1,1,Sat,2024-06-21
5410,2024-06-22,10660,308,32,Sat,2024-06-21
5420,2024-06-27,37284,1264,80,Thu,2024-06-21
5620,2024-09-14,0,16,1,Sat,2024-06-21
5083,2024-07-23,491,27,3,Tue,2024-06-21
5620,2024-07-16,18,84,4,Tue,2024-06-21
5620,2024-09-17,45,6,1,Tue,2024-06-21
5083,2024-09-18,329,9,1,Wed,2024-06-21
5620,2024-07-23,0,39,1,Tue,2024-06-21
5420,2024-09-13,0,49,2,Fri,2024-06-21
5490,2024-08-29,0,19,1,Thu,2024-06-21
5083,2024-06-29,10,3,1,Sat,2024-06-21
5420,2024-08-04,66,91,8,Sun,2024-06-21
5410,2024-08-14,17,30,2,Wed,2024-06-21
5773,2024-07-07,203,6,1,Sun,2024-06-21
5641,2024-07-01,2186,80,7,Mon,2024-06-21
5420,2024-08-26,0,29,1,Mon,2024-06-21
5083,2024-07-04,1054,16,4,Thu,2024-06-21
5083,2024-06-27,5622,111,40,Thu,2024-06-21
5410,2024-10-21,0,203,13,Mon,2024-06-21
5773,2024-07-17,50,0,1,Wed,2024-06-21
5620,2024-06-22,4792,183,23,Sat,2024-06-21
5620,2024-07-31,178,56,2,Wed,2024-06-21
5385,2024-09-07,0,20,1,Sat,2024-06-21
5420,2024-11-21,90,6,1,Thu,2024-06-21
5620,2024-07-15,1184,61,3,Mon,2024-06-21
5083,2024-09-12,112,21,1,Thu,2024-06-21
5410,2024-11-03,0,20,1,Sun,2024-06-21
5420,2024-08-27,0,29,1,Tue,2024-06-21
5490,2024-07-19,0,44,2,Fri,2024-06-21
5410,2024-09-16,0,227,14,Mon,2024-06-21
5420,2024-08-25,25,40,2,Sun,2024-06-21
5490,2024-09-09,0,19,1,Mon,2024-06-21
5083,2024-08-13,112,21,1,Tue,2024-06-21
5773,2024-07-29,45,0,1,Mon,2024-06-21
5083,2024-06-30,25,0,1,Sun,2024-06-21
5083,2024-07-27,944,8,3,Sat,2024-06-21
5385,2024-11-12,0,384,16,Tue,2024-06-21
5620,2024-09-12,0,79,3,Thu,2024-06-21
5083,2024-09-03,1421,27,3,Tue,2024-06-21
5410,2024-10-12,0,38,2,Sat,2024-06-21
5385,2024-08-19,0,19,1,Mon,2024-06-21
5385,2024-08-04,15,4,1,Sun,2024-06-21
5385,2024-09-03,0,47,2,Tue,2024-06-21
5490,2024-07-02,1146,9,2,Tue,2024-06-21
5083,2024-07-17,1045,3,37,Wed,2024-06-21
5620,2024-06-26,133164,1426,89,Wed,2024-06-21
5385,2024-10-05,0,132,7,Sat,2024-06-21
5420,2024-08-06,32,159,7,Tue,2024-06-21
5420,2024-07-10,12,21,2,Wed,2024-06-21
5641,2024-07-03,555,3,2,Wed,2024-06-21
5420,2024-11-07,19,0,1,Thu,2024-06-21
5620,2024-06-24,35045,1127,74,Mon,2024-06-21
5420,2024-06-23,40852,811,54,Sun,2024-06-21
5490,2024-06-25,30430,644,43,Tue,2024-06-21
5490,2024-08-13,0,82,2,Tue,2024-06-21
5083,2024-08-04,768,37,5,Sun,2024-06-21
5410,2024-10-02,0,16,1,Wed,2024-06-21
5620,2024-06-28,19849,450,37,Fri,2024-06-21
5420,2024-09-09,0,112,6,Mon,2024-06-21
5420,2024-12-22,36,4,2,Sun,2024-06-21
5385,2024-09-17,39,19,3,Tue,2024-06-21
5420,2024-08-09,0,19,1,Fri,2024-06-21
5490,2024-07-16,532,5,1,Tue,2024-06-21
5385,2024-09-24,29,46,3,Tue,2024-06-21
5410,2024-11-25,0,318,17,Mon,2024-06-21
5083,2024-07-08,984,48,15,Mon,2024-06-21
5620,2024-10-10,0,42,2,Thu,2024-06-21
5420,2024-09-16,164,41,5,Mon,2024-06-21
5620,2024-11-09,0,71,2,Sat,2024-06-21
5385,2024-10-08,0,816,37,Tue,2024-06-21
5641,2024-06-28,857,86,13,Fri,2024-06-21
5773,2024-07-05,56,0,4,Fri,2024-06-21
5385,2024-08-05,0,74,4,Mon,2024-06-21
5385,2024-11-09,0,38,2,Sat,2024-06-21
5385,2024-07-22,0,20,1,Mon,2024-06-21
5620,2024-10-14,0,43,2,Mon,2024-06-21
5410,2024-07-10,0,22,1,Wed,2024-06-21
5620,2024-08-07,68,25,1,Wed,2024-06-21
5420,2024-08-21,0,55,3,Wed,2024-06-21
5490,2024-07-14,46,1,1,Sun,2024-06-21
5420,2024-11-18,0,19,1,Mon,2024-06-21
5420,2024-10-08,19,56,4,Tue,2024-06-21
5420,2024-08-07,0,73,4,Wed,2024-06-21
5385,2024-09-23,69,77,4,Mon,2024-06-21
5420,2024-11-05,0,57,3,Tue,2024-06-21
5420,2024-11-08,19,0,1,Fri,2024-06-21
5385,2024-07-08,94,41,3,Mon,2024-06-21
5385,2024-06-29,6154,329,9,Sat,2024-06-21
5083,2024-09-13,162,1,1,Fri,2024-06-21
5420,2024-08-16,0,49,2,Fri,2024-06-21
5410,2024-10-07,0,407,24,Mon,2024-06-21
5385,2024-08-21,0,18,1,Wed,2024-06-21
5620,2024-09-16,110,50,2,Mon,2024-06-21
5420,2024-09-24,0,17,1,Tue,2024-06-21
5620,2024-11-19,45,6,1,Tue,2024-06-21
5420,2024-09-27,0,37,2,Fri,2024-06-21
5420,2024-08-22,0,23,1,Thu,2024-06-21
5641,2024-07-02,779,14,4,Tue,2024-06-21
5410,2024-08-03,15,4,1,Sat,2024-06-21
5620,2024-07-19,6,34,1,Fri,2024-06-21
5420,2024-08-19,0,57,3,Mon,2024-06-21
5420,2024-10-12,2,40,2,Sat,2024-06-21
5420,2024-10-19,2,23,1,Sat,2024-06-21
5083,2024-08-25,348,0,2,Sun,2024-06-21
5420,2024-10-14,0,18,1,Mon,2024-06-21
5385,2024-09-30,368,139,10,Mon,2024-06-21
5420,2024-09-23,72,37,2,Mon,2024-06-21
5385,2024-09-05,38,90,6,Thu,2024-06-21
5620,2024-09-11,0,32,2,Wed,2024-06-21
5410,2024-09-08,0,19,1,Sun,2024-06-21
5410,2024-10-05,0,51,3,Sat,2024-06-21
5420,2024-10-20,38,40,4,Sun,2024-06-21
5773,2024-08-04,306,5,1,Sun,2024-06-21
5083,2024-07-14,407,1,2,Sun,2024-06-21
5490,2024-07-15,5,40,1,Mon,2024-06-21
5641,2024-06-25,5057,365,52,Tue,2024-06-21
5420,2024-07-09,756,46,5,Tue,2024-06-21
5083,2024-06-26,12312,131,68,Wed,2024-06-21
5083,2024-08-23,255,9,1,Fri,2024-06-21
5410,2024-10-14,0,294,18,Mon,2024-06-21
5773,2024-07-08,19,0,4,Mon,2024-06-21
5420,2024-10-01,0,115,6,Tue,2024-06-21
5620,2024-10-03,50,32,2,Thu,2024-06-21
5773,2024-07-14,158,3,1,Sun,2024-06-21
5641,2024-07-13,0,17,1,Sat,2024-06-21
5420,2024-09-04,0,56,3,Wed,2024-06-21
5410,2024-07-12,958,121,4,Fri,2024-06-21
5083,2024-07-13,980,13,6,Sat,2024-06-21
5410,2024-09-22,20,54,3,Sun,2024-06-21
5083,2024-08-03,976,6,4,Sat,2024-06-21
5083,2024-07-20,524,13,3,Sat,2024-06-21
5620,2024-07-10,105,111,3,Wed,2024-06-21
5620,2024-10-18,0,16,1,Fri,2024-06-21
5420,2024-09-05,47,84,7,Thu,2024-06-21
5620,2024-07-05,75,11,3,Fri,2024-06-21
5083,2024-09-10,1144,42,3,Tue,2024-06-21
5083,2024-08-12,490,20,2,Mon,2024-06-21
5385,2024-08-25,31,4,1,Sun,2024-06-21
5620,2024-07-12,13,79,2,Fri,2024-06-21
5083,2024-07-03,1074,7,16,Wed,2024-06-21
5083,2024-07-28,1082,37,4,Sun,2024-06-21
5385,2024-08-30,0,19,1,Fri,2024-06-21
5620,2024-07-02,3167,133,9,Tue,2024-06-21
5620,2024-10-27,0,19,1,Sun,2024-06-21
5385,2024-08-06,0,19,1,Tue,2024-06-21
