Plant,Date,Modified_Date,SnapshotDate,Comments,ActiveFlag,InboundAppointments,Dock_Capacity,TotalAppointments,isChanged,Dock_Booked,Dock_Remaining,Report_Run_Date
5410,7/4/24,2024-06-12T09:10:36.09Z,6/12/24,EWM cutover week ,Y,0,0,0,TRUE,0,0,6/21/24
5420,7/17/24,2024-06-12T09:10:36.09Z,6/12/24,,Y,81,95,176,TRUE,0,95,6/21/24
5159,6/27/24,2024-06-12T09:10:36.09Z,6/12/24,,Y,0,18,18,TRUE,0,18,6/21/24
5490,8/1/24,2024-06-12T09:10:36.09Z,6/12/24,,Y,60,60,120,TRUE,0,60,6/21/24
5159,7/27/24,2024-06-12T09:10:36.09Z,6/12/24,,Y,0,0,0,TRUE,0,0,6/21/24
5641,8/14/24,2024-06-12T09:10:36.09Z,6/12/24,,Y,55,55,110,TRUE,0,55,6/21/24
5410,7/26/24,2024-06-12T09:10:36.09Z,6/12/24,,Y,22,39,61,TRUE,0,39,6/21/24
5159,8/19/24,2024-06-12T09:10:36.09Z,6/12/24,,Y,0,18,18,TRUE,0,18,6/21/24
5420,8/5/24,2024-06-12T09:10:36.09Z,6/12/24,,Y,83,92,175,TRUE,0,92,6/21/24
5423,8/18/24,2024-06-12T09:10:36.09Z,6/12/24,,Y,0,0,0,TRUE,0,0,6/21/24
5420,7/5/24,2024-06-12T09:10:36.09Z,6/12/24,,Y,64,94,158,TRUE,2,92,6/21/24
5620,7/3/24,2024-06-12T09:10:36.09Z,6/12/24,Closed July 4th,Y,62,86,148,TRUE,5,81,6/21/24
5490,8/7/24,2024-06-12T09:10:36.09Z,6/12/24,,Y,60,60,120,TRUE,0,60,6/21/24
5385,8/15/24,2024-06-12T09:10:36.09Z,6/12/24,,Y,57,73,130,TRUE,0,73,6/21/24
5410,8/15/24,2024-06-12T09:10:36.09Z,6/12/24,,Y,50,56,106,TRUE,0,56,6/21/24
5490,7/2/24,2024-06-12T09:10:36.09Z,6/12/24,,Y,60,60,120,TRUE,2,58,6/21/24
5641,7/23/24,2024-06-12T09:10:36.09Z,6/12/24,,Y,55,55,110,TRUE,0,55,6/21/24
5410,8/20/24,2024-06-12T09:10:36.09Z,6/12/24,,Y,54,55,109,TRUE,0,55,6/21/24
5420,7/2/24,2024-06-12T09:10:36.09Z,6/12/24,,Y,83,95,178,TRUE,11,84,6/21/24
5423,8/3/24,2024-06-12T09:10:36.09Z,6/12/24,,Y,0,0,0,TRUE,0,0,6/21/24
5385,8/4/24,2024-06-12T09:10:36.09Z,6/12/24,,Y,28,50,78,TRUE,0,50,6/21/24
5641,8/18/24,2024-06-12T09:10:36.09Z,6/12/24,,Y,20,20,40,TRUE,0,20,6/21/24
5423,7/23/24,2024-06-12T09:10:36.09Z,6/12/24,,Y,15,15,30,TRUE,0,15,6/21/24
5490,6/27/24,2024-06-12T09:10:36.09Z,6/12/24,,Y,60,60,120,TRUE,20,40,6/21/24
5641,6/22/24,2024-06-12T09:10:36.09Z,6/12/24,,Y,20,20,40,TRUE,12,8,6/21/24
5423,8/20/24,2024-06-12T09:10:36.09Z,6/12/24,,Y,15,15,30,TRUE,0,15,6/21/24
5385,8/8/24,2024-06-12T09:10:36.09Z,6/12/24,,Y,57,73,130,TRUE,0,73,6/21/24
5620,6/26/24,2024-06-12T09:10:36.09Z,6/12/24,,Y,62,86,148,TRUE,64,22,6/21/24
5420,7/19/24,2024-06-12T09:10:36.09Z,6/12/24,,Y,64,94,158,TRUE,0,94,6/21/24
5420,7/8/24,2024-06-12T09:10:36.09Z,6/12/24,,Y,83,92,175,TRUE,1,91,6/21/24
5420,7/10/24,2024-06-12T09:10:36.09Z,6/12/24,,Y,81,95,176,TRUE,0,95,6/21/24
5159,8/10/24,2024-06-12T09:10:36.09Z,6/12/24,,Y,0,0,0,TRUE,0,0,6/21/24
5620,7/7/24,2024-06-12T09:10:36.09Z,6/12/24,Closed July 4th,Y,37,52,89,TRUE,0,52,6/21/24
5159,7/15/24,2024-06-12T09:10:36.09Z,6/12/24,,Y,0,18,18,TRUE,0,18,6/21/24
5159,7/28/24,2024-06-12T09:10:36.09Z,6/12/24,,Y,0,0,0,TRUE,0,0,6/21/24
5490,7/16/24,2024-06-12T09:10:36.09Z,6/12/24,,Y,60,60,120,TRUE,0,60,6/21/24
5620,6/28/24,2024-06-12T09:10:36.09Z,6/12/24,,Y,43,69,112,TRUE,21,48,6/21/24
5620,6/24/24,2024-06-12T09:10:36.09Z,6/12/24,,Y,50,73,123,TRUE,57,16,6/21/24
5490,8/13/24,2024-06-12T09:10:36.09Z,6/12/24,,Y,60,60,120,TRUE,0,60,6/21/24
5420,7/20/24,2024-06-12T09:10:36.09Z,6/12/24,,Y,25,37,62,TRUE,0,37,6/21/24
5423,6/27/24,2024-06-12T09:10:36.09Z,6/12/24,,Y,15,15,30,TRUE,0,15,6/21/24
5420,7/11/24,2024-06-12T09:10:36.09Z,6/12/24,,Y,82,95,177,TRUE,1,94,6/21/24
5385,7/27/24,2024-06-12T09:10:36.09Z,6/12/24,,Y,28,50,78,TRUE,0,50,6/21/24
5641,7/15/24,2024-06-12T09:10:36.09Z,6/12/24,,Y,55,55,110,TRUE,0,55,6/21/24
5490,6/25/24,2024-06-12T09:10:36.09Z,6/12/24,,Y,60,60,120,TRUE,28,32,6/21/24
5641,8/17/24,2024-06-12T09:10:36.09Z,6/12/24,,Y,20,20,40,TRUE,0,20,6/21/24
5410,8/6/24,2024-06-12T09:10:36.09Z,6/12/24,,Y,54,55,109,TRUE,0,55,6/21/24
5385,8/20/24,2024-06-12T09:10:36.09Z,6/12/24,,Y,56,78,134,TRUE,0,78,6/21/24
5420,8/20/24,2024-06-12T09:10:36.09Z,6/12/24,,Y,83,95,178,TRUE,0,95,6/21/24
5410,7/5/24,2024-06-12T09:10:36.09Z,6/12/24,EWM cutover week ,Y,0,0,0,TRUE,0,0,6/21/24
5641,7/11/24,2024-06-12T09:10:36.09Z,6/12/24,,Y,55,55,110,TRUE,0,55,6/21/24
5385,7/11/24,2024-06-12T09:10:36.09Z,6/12/24,,Y,57,73,130,TRUE,0,73,6/21/24
5420,7/15/24,2024-06-12T09:10:36.09Z,6/12/24,,Y,83,92,175,TRUE,0,92,6/21/24
5159,6/24/24,2024-06-12T09:10:36.09Z,6/12/24,,Y,0,18,18,TRUE,0,18,6/21/24
5410,7/2/24,2024-06-12T09:10:36.09Z,6/12/24,EWM cutover week ,Y,18,37,55,TRUE,4,33,6/21/24
5420,8/2/24,2024-06-12T09:10:36.09Z,6/12/24,,Y,64,94,158,TRUE,0,94,6/21/24
5159,8/16/24,2024-06-12T09:10:36.09Z,6/12/24,,Y,0,18,18,TRUE,0,18,6/21/24
5490,8/6/24,2024-06-12T09:10:36.09Z,6/12/24,,Y,60,60,120,TRUE,0,60,6/21/24
5620,8/1/24,2024-06-12T09:10:36.09Z,6/12/24,,Y,61,85,146,TRUE,0,85,6/21/24
5420,7/12/24,2024-06-12T09:10:36.09Z,6/12/24,,Y,64,94,158,TRUE,0,94,6/21/24
5410,8/13/24,2024-06-12T09:10:36.09Z,6/12/24,,Y,54,55,109,TRUE,0,55,6/21/24
5423,7/5/24,2024-06-12T09:10:36.09Z,6/12/24,,Y,15,15,30,TRUE,0,15,6/21/24
5641,8/13/24,2024-06-12T09:10:36.09Z,6/12/24,,Y,55,55,110,TRUE,0,55,6/21/24
5620,7/27/24,2024-06-12T09:10:36.09Z,6/12/24,,Y,37,47,84,TRUE,0,47,6/21/24
5423,6/28/24,2024-06-12T09:10:36.09Z,6/12/24,,Y,15,15,30,TRUE,0,15,6/21/24
5410,7/19/24,2024-06-12T09:10:36.09Z,6/12/24,,Y,22,39,61,TRUE,0,39,6/21/24
5385,7/9/24,2024-06-12T09:10:36.09Z,6/12/24,,Y,56,78,134,TRUE,0,78,6/21/24
5420,7/27/24,2024-06-12T09:10:36.09Z,6/12/24,,Y,25,37,62,TRUE,0,37,6/21/24
5420,7/1/24,2024-06-12T09:10:36.09Z,6/12/24,,Y,83,92,175,TRUE,9,83,6/21/24
5385,8/11/24,2024-06-12T09:10:36.09Z,6/12/24,,Y,28,50,78,TRUE,0,50,6/21/24
5490,8/5/24,2024-06-12T09:10:36.09Z,6/12/24,,Y,60,60,120,TRUE,0,60,6/21/24
5420,7/6/24,2024-06-12T09:10:36.09Z,6/12/24,,Y,25,37,62,TRUE,0,37,6/21/24
5385,7/22/24,2024-06-12T09:10:36.09Z,6/12/24,,Y,56,72,128,TRUE,0,72,6/21/24
5423,7/1/24,2024-06-12T09:10:36.09Z,6/12/24,,Y,15,15,30,TRUE,0,15,6/21/24
5385,8/14/24,2024-06-12T09:10:36.09Z,6/12/24,,Y,56,76,132,TRUE,0,76,6/21/24
5385,8/18/24,2024-06-12T09:10:36.09Z,6/12/24,,Y,28,50,78,TRUE,0,50,6/21/24
5423,8/10/24,2024-06-12T09:10:36.09Z,6/12/24,,Y,0,0,0,TRUE,0,0,6/21/24
5490,7/31/24,2024-06-12T09:10:36.09Z,6/12/24,,Y,60,60,120,TRUE,0,60,6/21/24
5385,8/12/24,2024-06-12T09:10:36.09Z,6/12/24,,Y,56,72,128,TRUE,0,72,6/21/24
5490,7/14/24,2024-06-12T09:10:36.09Z,6/12/24,,Y,39,25,64,TRUE,0,25,6/21/24
5490,7/4/24,2024-06-12T09:10:36.09Z,6/12/24,,Y,0,0,0,TRUE,0,0,6/21/24
5420,6/22/24,2024-06-12T09:10:36.09Z,6/12/24,,Y,25,37,62,TRUE,15,22,6/21/24
5385,7/5/24,2024-06-12T09:10:36.09Z,6/12/24,4th of July,Y,50,70,120,TRUE,3,67,6/21/24
5641,7/5/24,2024-06-12T09:10:36.09Z,6/12/24,July 4th,Y,55,55,110,TRUE,0,55,6/21/24
5420,7/23/24,2024-06-12T09:10:36.09Z,6/12/24,,Y,83,95,178,TRUE,0,95,6/21/24
5159,8/7/24,2024-06-12T09:10:36.09Z,6/12/24,,Y,0,18,18,TRUE,0,18,6/21/24
5423,8/11/24,2024-06-12T09:10:36.09Z,6/12/24,,Y,0,0,0,TRUE,0,0,6/21/24
5385,8/5/24,2024-06-12T09:10:36.09Z,6/12/24,,Y,56,72,128,TRUE,0,72,6/21/24
5423,8/15/24,2024-06-12T09:10:36.09Z,6/12/24,,Y,15,15,30,TRUE,0,15,6/21/24
5159,7/7/24,2024-06-12T09:10:36.09Z,6/12/24,,Y,0,0,0,TRUE,0,0,6/21/24
5385,8/1/24,2024-06-12T09:10:36.09Z,6/12/24,,Y,57,73,130,TRUE,0,73,6/21/24
5620,8/5/24,2024-06-12T09:10:36.09Z,6/12/24,,Y,50,73,123,TRUE,0,73,6/21/24
5490,8/8/24,2024-06-12T09:10:36.09Z,6/12/24,,Y,60,60,120,TRUE,0,60,6/21/24
5423,6/24/24,2024-06-12T09:10:36.09Z,6/12/24,,Y,15,15,30,TRUE,0,15,6/21/24
5423,7/20/24,2024-06-12T09:10:36.09Z,6/12/24,,Y,0,0,0,TRUE,0,0,6/21/24
5423,7/9/24,2024-06-12T09:10:36.09Z,6/12/24,,Y,15,15,30,TRUE,0,15,6/21/24
5420,8/8/24,2024-06-12T09:10:36.09Z,6/12/24,,Y,82,95,177,TRUE,0,95,6/21/24
5410,8/11/24,2024-06-12T09:10:36.09Z,6/12/24,,Y,25,30,55,TRUE,0,30,6/21/24
5410,7/17/24,2024-06-12T09:10:36.09Z,6/12/24,,Y,22,39,61,TRUE,0,39,6/21/24
5159,6/28/24,2024-06-12T09:10:36.09Z,6/12/24,,Y,0,18,18,TRUE,0,18,6/21/24
5410,8/18/24,2024-06-12T09:10:36.09Z,6/12/24,,Y,25,30,55,TRUE,0,30,6/21/24
5641,7/17/24,2024-06-12T09:10:36.09Z,6/12/24,,Y,55,55,110,TRUE,0,55,6/21/24
5620,7/8/24,2024-06-12T09:10:36.09Z,6/12/24,,Y,50,73,123,TRUE,2,71,6/21/24
5423,7/29/24,2024-06-12T09:10:36.09Z,6/12/24,,Y,15,15,30,TRUE,0,15,6/21/24
5159,8/17/24,2024-06-12T09:10:36.09Z,6/12/24,,Y,0,0,0,TRUE,0,0,6/21/24
5423,7/10/24,2024-06-12T09:10:36.09Z,6/12/24,,Y,15,15,30,TRUE,0,15,6/21/24
5490,6/22/24,2024-06-12T09:10:36.09Z,6/12/24,,Y,38,34,72,TRUE,8,26,6/21/24
5641,7/14/24,2024-06-12T09:10:36.09Z,6/12/24,,Y,20,20,40,TRUE,0,20,6/21/24
5620,8/8/24,2024-06-12T09:10:36.09Z,6/12/24,,Y,61,85,146,TRUE,0,85,6/21/24
5423,8/9/24,2024-06-12T09:10:36.09Z,6/12/24,,Y,15,15,30,TRUE,0,15,6/21/24
5159,8/18/24,2024-06-12T09:10:36.09Z,6/12/24,,Y,0,0,0,TRUE,0,0,6/21/24
5620,7/28/24,2024-06-12T09:10:36.09Z,6/12/24,,Y,37,52,89,TRUE,0,52,6/21/24
5420,8/15/24,2024-06-12T09:10:36.09Z,6/12/24,,Y,82,95,177,TRUE,0,95,6/21/24
5620,8/17/24,2024-06-12T09:10:36.09Z,6/12/24,,Y,37,47,84,TRUE,0,47,6/21/24
5410,8/19/24,2024-06-12T09:10:36.09Z,6/12/24,,Y,50,55,105,TRUE,0,55,6/21/24
5410,8/16/24,2024-06-12T09:10:36.09Z,6/12/24,,Y,50,56,106,TRUE,0,56,6/21/24
5385,7/28/24,2024-06-12T09:10:36.09Z,6/12/24,,Y,28,50,78,TRUE,0,50,6/21/24
5620,8/12/24,2024-06-12T09:10:36.09Z,6/12/24,,Y,50,73,123,TRUE,0,73,6/21/24
5159,7/24/24,2024-06-12T09:10:36.09Z,6/12/24,,Y,0,18,18,TRUE,0,18,6/21/24
5423,7/6/24,2024-06-12T09:10:36.09Z,6/12/24,,Y,0,0,0,TRUE,0,0,6/21/24
5490,8/16/24,2024-06-12T09:10:36.09Z,6/12/24,,Y,60,60,120,TRUE,0,60,6/21/24
5620,8/4/24,2024-06-12T09:10:36.09Z,6/12/24,,Y,37,52,89,TRUE,0,52,6/21/24
5490,8/15/24,2024-06-12T09:10:36.09Z,6/12/24,,Y,60,60,120,TRUE,0,60,6/21/24
5620,8/11/24,2024-06-12T09:10:36.09Z,6/12/24,,Y,37,52,89,TRUE,0,52,6/21/24
5423,8/13/24,2024-06-12T09:10:36.09Z,6/12/24,,Y,15,15,30,TRUE,0,15,6/21/24
5420,8/16/24,2024-06-12T09:10:36.09Z,6/12/24,,Y,64,94,158,TRUE,0,94,6/21/24
5410,6/30/24,2024-06-12T09:10:36.09Z,6/12/24,EWM training - reduced schedule,Y,16,18,34,TRUE,6,12,6/21/24
5159,7/23/24,2024-06-12T09:10:36.09Z,6/12/24,,Y,0,18,18,TRUE,0,18,6/21/24
5420,7/16/24,2024-06-12T09:10:36.09Z,6/12/24,,Y,83,95,178,TRUE,0,95,6/21/24
5385,7/19/24,2024-06-12T09:10:36.09Z,6/12/24,,Y,50,70,120,TRUE,0,70,6/21/24
5641,7/27/24,2024-06-12T09:10:36.09Z,6/12/24,,Y,20,20,40,TRUE,0,20,6/21/24
5159,7/1/24,2024-06-12T09:10:36.09Z,6/12/24,,Y,0,18,18,TRUE,0,18,6/21/24
5420,8/17/24,2024-06-12T09:10:36.09Z,6/12/24,,Y,25,37,62,TRUE,0,37,6/21/24
5159,7/21/24,2024-06-12T09:10:36.09Z,6/12/24,,Y,0,0,0,TRUE,0,0,6/21/24
5423,7/13/24,2024-06-12T09:10:36.09Z,6/12/24,,Y,0,0,0,TRUE,0,0,6/21/24
5385,7/10/24,2024-06-12T09:10:36.09Z,6/12/24,,Y,56,76,132,TRUE,0,76,6/21/24
5641,7/30/24,2024-06-12T09:10:36.09Z,6/12/24,,Y,55,55,110,TRUE,0,55,6/21/24
5385,7/12/24,2024-06-12T09:10:36.09Z,6/12/24,,Y,50,70,120,TRUE,0,70,6/21/24
5490,7/17/24,2024-06-12T09:10:36.09Z,6/12/24,,Y,60,60,120,TRUE,0,60,6/21/24
5420,6/26/24,2024-06-12T09:10:36.09Z,6/12/24,,Y,81,95,176,TRUE,65,30,6/21/24
5385,8/2/24,2024-06-12T09:10:36.09Z,6/12/24,,Y,50,70,120,TRUE,0,70,6/21/24
5423,7/15/24,2024-06-12T09:10:36.09Z,6/12/24,,Y,15,15,30,TRUE,0,15,6/21/24
5420,7/18/24,2024-06-12T09:10:36.09Z,6/12/24,,Y,82,95,177,TRUE,0,95,6/21/24
5620,7/9/24,2024-06-12T09:10:36.09Z,6/12/24,,Y,62,86,148,TRUE,0,86,6/21/24
5385,7/2/24,2024-06-12T09:10:36.09Z,6/12/24,4th of July,Y,56,78,134,TRUE,3,75,6/21/24
5385,7/20/24,2024-06-12T09:10:36.09Z,6/12/24,,Y,28,50,78,TRUE,0,50,6/21/24
5641,8/15/24,2024-06-12T09:10:36.09Z,6/12/24,,Y,55,55,110,TRUE,0,55,6/21/24
5410,8/17/24,2024-06-12T09:10:36.09Z,6/12/24,,Y,20,20,40,TRUE,0,20,6/21/24
5490,7/1/24,2024-06-12T09:10:36.09Z,6/12/24,,Y,60,60,120,TRUE,3,57,6/21/24
5490,6/29/24,2024-06-12T09:10:36.09Z,6/12/24,,Y,38,34,72,TRUE,4,30,6/21/24
5385,7/23/24,2024-06-12T09:10:36.09Z,6/12/24,,Y,56,78,134,TRUE,0,78,6/21/24
5420,6/30/24,2024-06-12T09:10:36.09Z,6/12/24,,Y,28,36,64,TRUE,13,23,6/21/24
5159,7/19/24,2024-06-12T09:10:36.09Z,6/12/24,,Y,0,18,18,TRUE,0,18,6/21/24
5410,8/3/24,2024-06-12T09:10:36.09Z,6/12/24,Back to normal schedule - Post EWM ,Y,20,20,40,TRUE,0,20,6/21/24
5490,7/29/24,2024-06-12T09:10:36.09Z,6/12/24,,Y,60,60,120,TRUE,0,60,6/21/24
5385,7/6/24,2024-06-12T09:10:36.09Z,6/12/24,4th of July,Y,28,50,78,TRUE,1,49,6/21/24
5641,7/25/24,2024-06-12T09:10:36.09Z,6/12/24,,Y,55,55,110,TRUE,0,55,6/21/24
5620,8/20/24,2024-06-12T09:10:36.09Z,6/12/24,,Y,62,86,148,TRUE,0,86,6/21/24
5620,7/19/24,2024-06-12T09:10:36.09Z,6/12/24,,Y,43,69,112,TRUE,0,69,6/21/24
5159,7/29/24,2024-06-12T09:10:36.09Z,6/12/24,,Y,0,18,18,TRUE,0,18,6/21/24
5423,8/1/24,2024-06-12T09:10:36.09Z,6/12/24,,Y,15,15,30,TRUE,0,15,6/21/24
5420,7/25/24,2024-06-12T09:10:36.09Z,6/12/24,,Y,82,95,177,TRUE,0,95,6/21/24
5641,7/2/24,2024-06-12T09:10:36.09Z,6/12/24,July 4th,Y,55,55,110,TRUE,0,55,6/21/24
5620,8/16/24,2024-06-12T09:10:36.09Z,6/12/24,,Y,43,69,112,TRUE,0,69,6/21/24
5620,7/13/24,2024-06-12T09:10:36.09Z,6/12/24,,Y,37,47,84,TRUE,0,47,6/21/24
5490,7/15/24,2024-06-12T09:10:36.09Z,6/12/24,,Y,60,60,120,TRUE,0,60,6/21/24
5423,7/11/24,2024-06-12T09:10:36.09Z,6/12/24,,Y,15,15,30,TRUE,0,15,6/21/24
5420,7/7/24,2024-06-12T09:10:36.09Z,6/12/24,,Y,28,36,64,TRUE,0,36,6/21/24
5410,6/25/24,2024-06-12T09:10:36.09Z,6/12/24,EWM training - reduced schedule,Y,27,35,62,TRUE,46,-11,6/21/24
5410,7/29/24,2024-06-12T09:10:36.09Z,6/12/24,Back to normal schedule - Post EWM ,Y,50,55,105,TRUE,0,55,6/21/24
5490,6/26/24,2024-06-12T09:10:36.09Z,6/12/24,,Y,60,60,120,TRUE,26,34,6/21/24
5490,7/20/24,2024-06-12T09:10:36.09Z,6/12/24,,Y,38,34,72,TRUE,0,34,6/21/24
5385,7/18/24,2024-06-12T09:10:36.09Z,6/12/24,,Y,57,73,130,TRUE,0,73,6/21/24
5159,7/11/24,2024-06-12T09:10:36.09Z,6/12/24,,Y,0,18,18,TRUE,0,18,6/21/24
5159,8/1/24,2024-06-12T09:10:36.09Z,6/12/24,,Y,0,18,18,TRUE,0,18,6/21/24
5385,6/28/24,2024-06-12T09:10:36.09Z,6/12/24,,Y,50,70,120,TRUE,20,50,6/21/24
5410,7/9/24,2024-06-12T09:10:36.09Z,6/12/24,EWM Go live week ,Y,18,30,48,TRUE,2,28,6/21/24
5423,8/16/24,2024-06-12T09:10:36.09Z,6/12/24,,Y,15,15,30,TRUE,0,15,6/21/24
5423,8/2/24,2024-06-12T09:10:36.09Z,6/12/24,,Y,15,15,30,TRUE,0,15,6/21/24
5420,7/29/24,2024-06-12T09:10:36.09Z,6/12/24,,Y,83,92,175,TRUE,0,92,6/21/24
5159,8/5/24,2024-06-12T09:10:36.09Z,6/12/24,,Y,0,18,18,TRUE,0,18,6/21/24
5620,7/26/24,2024-06-12T09:10:36.09Z,6/12/24,,Y,43,69,112,TRUE,0,69,6/21/24
5410,8/1/24,2024-06-12T09:10:36.09Z,6/12/24,Back to normal schedule - Post EWM ,Y,50,56,106,TRUE,0,56,6/21/24
5490,8/17/24,2024-06-12T09:10:36.09Z,6/12/24,,Y,38,34,72,TRUE,0,34,6/21/24
5410,7/8/24,2024-06-12T09:10:36.09Z,6/12/24,EWM Go live week ,Y,18,27,45,TRUE,0,27,6/21/24
5410,7/25/24,2024-06-12T09:10:36.09Z,6/12/24,,Y,22,39,61,TRUE,0,39,6/21/24
5641,8/20/24,2024-06-12T09:10:36.09Z,6/12/24,,Y,55,55,110,TRUE,0,55,6/21/24
5641,7/6/24,2024-06-12T09:10:36.09Z,6/12/24,July 4th,Y,20,20,40,TRUE,0,20,6/21/24
5385,6/26/24,2024-06-12T09:10:36.09Z,6/12/24,,Y,56,76,132,TRUE,64,12,6/21/24
5641,7/12/24,2024-06-12T09:10:36.09Z,6/12/24,,Y,55,55,110,TRUE,0,55,6/21/24
5420,7/9/24,2024-06-12T09:10:36.09Z,6/12/24,,Y,83,95,178,TRUE,0,95,6/21/24
5385,6/23/24,2024-06-12T09:10:36.09Z,6/12/24,Juneteenth,Y,28,50,78,TRUE,14,36,6/21/24
5159,7/2/24,2024-06-12T09:10:36.09Z,6/12/24,,Y,0,18,18,TRUE,0,18,6/21/24
5490,7/22/24,2024-06-12T09:10:36.09Z,6/12/24,,Y,60,60,120,TRUE,0,60,6/21/24
5620,8/3/24,2024-06-12T09:10:36.09Z,6/12/24,,Y,37,47,84,TRUE,0,47,6/21/24
5410,7/22/24,2024-06-12T09:10:36.09Z,6/12/24,,Y,22,36,58,TRUE,0,36,6/21/24
5620,6/23/24,2024-06-12T09:10:36.09Z,6/12/24,Closed Juneteenth,Y,37,52,89,TRUE,20,32,6/21/24
5641,7/22/24,2024-06-12T09:10:36.09Z,6/12/24,,Y,55,55,110,TRUE,0,55,6/21/24
5420,8/13/24,2024-06-12T09:10:36.09Z,6/12/24,,Y,83,95,178,TRUE,0,95,6/21/24
5423,7/24/24,2024-06-12T09:10:36.09Z,6/12/24,,Y,15,15,30,TRUE,0,15,6/21/24
5385,7/13/24,2024-06-12T09:10:36.09Z,6/12/24,,Y,28,50,78,TRUE,0,50,6/21/24
5490,7/24/24,2024-06-12T09:10:36.09Z,6/12/24,,Y,60,60,120,TRUE,0,60,6/21/24
5385,6/27/24,2024-06-12T09:10:36.09Z,6/12/24,,Y,57,73,130,TRUE,21,52,6/21/24
5490,7/18/24,2024-06-12T09:10:36.09Z,6/12/24,,Y,60,60,120,TRUE,0,60,6/21/24
5641,8/1/24,2024-06-12T09:10:36.09Z,6/12/24,,Y,55,55,110,TRUE,0,55,6/21/24
5641,8/8/24,2024-06-12T09:10:36.09Z,6/12/24,,Y,55,55,110,TRUE,0,55,6/21/24
5385,7/26/24,2024-06-12T09:10:36.09Z,6/12/24,,Y,50,70,120,TRUE,0,70,6/21/24
5620,7/4/24,2024-06-12T09:10:36.09Z,6/12/24,Closed July 4th,Y,0,0,0,TRUE,1,-1,6/21/24
5410,6/28/24,2024-06-12T09:10:36.09Z,6/12/24,EWM training - reduced schedule,Y,18,26,44,TRUE,7,19,6/21/24
5420,6/25/24,2024-06-12T09:10:36.09Z,6/12/24,,Y,83,95,178,TRUE,60,35,6/21/24
5423,7/8/24,2024-06-12T09:10:36.09Z,6/12/24,,Y,15,15,30,TRUE,0,15,6/21/24
5641,6/27/24,2024-06-12T09:10:36.09Z,6/12/24,,Y,55,55,110,TRUE,16,39,6/21/24
5423,8/12/24,2024-06-12T09:10:36.09Z,6/12/24,,Y,15,15,30,TRUE,0,15,6/21/24
5620,7/6/24,2024-06-12T09:10:36.09Z,6/12/24,Closed July 4th,Y,37,47,84,TRUE,0,47,6/21/24
5420,7/26/24,2024-06-12T09:10:36.09Z,6/12/24,,Y,64,94,158,TRUE,0,94,6/21/24
5490,8/14/24,2024-06-12T09:10:36.09Z,6/12/24,,Y,60,60,120,TRUE,0,60,6/21/24
5410,7/12/24,2024-06-12T09:10:36.09Z,6/12/24,EWM Go live week ,Y,18,30,48,TRUE,0,30,6/21/24
5490,7/30/24,2024-06-12T09:10:36.09Z,6/12/24,,Y,60,60,120,TRUE,0,60,6/21/24
5490,8/20/24,2024-06-12T09:10:36.09Z,6/12/24,,Y,60,60,120,TRUE,0,60,6/21/24
5641,7/7/24,2024-06-12T09:10:36.09Z,6/12/24,July 4th,Y,20,20,40,TRUE,0,20,6/21/24
5410,7/15/24,2024-06-12T09:10:36.09Z,6/12/24,,Y,22,36,58,TRUE,0,36,6/21/24
5490,6/30/24,2024-06-12T09:10:36.09Z,6/12/24,,Y,39,25,64,TRUE,2,23,6/21/24
5410,7/28/24,2024-06-12T09:10:36.09Z,6/12/24,,Y,20,30,50,TRUE,0,30,6/21/24
5410,6/23/24,2024-06-12T09:10:36.09Z,6/12/24,Juneteenth closed 6/19,Y,16,18,34,TRUE,14,4,6/21/24
5641,6/30/24,2024-06-12T09:10:36.09Z,6/12/24,,Y,20,20,40,TRUE,3,17,6/21/24
5423,7/25/24,2024-06-12T09:10:36.09Z,6/12/24,,Y,15,15,30,TRUE,0,15,6/21/24
5490,7/9/24,2024-06-12T09:10:36.09Z,6/12/24,,Y,60,60,120,TRUE,0,60,6/21/24
5410,7/24/24,2024-06-12T09:10:36.09Z,6/12/24,,Y,22,39,61,TRUE,0,39,6/21/24
5385,7/15/24,2024-06-12T09:10:36.09Z,6/12/24,,Y,56,72,128,TRUE,0,72,6/21/24
5385,8/13/24,2024-06-12T09:10:36.09Z,6/12/24,,Y,56,78,134,TRUE,0,78,6/21/24
5385,7/29/24,2024-06-12T09:10:36.09Z,6/12/24,,Y,56,72,128,TRUE,0,72,6/21/24
5423,7/3/24,2024-06-12T09:10:36.09Z,6/12/24,,Y,15,15,30,TRUE,0,15,6/21/24
5420,6/27/24,2024-06-12T09:10:36.09Z,6/12/24,,Y,82,95,177,TRUE,48,47,6/21/24
5620,8/6/24,2024-06-12T09:10:36.09Z,6/12/24,,Y,62,86,148,TRUE,0,86,6/21/24
5420,8/10/24,2024-06-12T09:10:36.09Z,6/12/24,,Y,25,37,62,TRUE,0,37,6/21/24
5490,7/23/24,2024-06-12T09:10:36.09Z,6/12/24,,Y,60,60,120,TRUE,0,60,6/21/24
5490,6/28/24,2024-06-12T09:10:36.09Z,6/12/24,,Y,60,60,120,TRUE,8,52,6/21/24
5641,7/1/24,2024-06-12T09:10:36.09Z,6/12/24,July 4th,Y,55,55,110,TRUE,8,47,6/21/24
5420,8/4/24,2024-06-12T09:10:36.09Z,6/12/24,,Y,28,36,64,TRUE,0,36,6/21/24
5410,7/13/24,2024-06-12T09:10:36.09Z,6/12/24,EWM Go live week ,Y,12,16,28,TRUE,0,16,6/21/24
5410,8/14/24,2024-06-12T09:10:36.09Z,6/12/24,,Y,53,56,109,TRUE,0,56,6/21/24
5423,8/5/24,2024-06-12T09:10:36.09Z,6/12/24,,Y,15,15,30,TRUE,0,15,6/21/24
5410,6/24/24,2024-06-12T09:10:36.09Z,6/12/24,EWM training - reduced schedule,Y,27,35,62,TRUE,52,-17,6/21/24
5385,8/16/24,2024-06-12T09:10:36.09Z,6/12/24,,Y,50,70,120,TRUE,0,70,6/21/24
5490,8/9/24,2024-06-12T09:10:36.09Z,6/12/24,,Y,60,60,120,TRUE,0,60,6/21/24
5641,8/6/24,2024-06-12T09:10:36.09Z,6/12/24,,Y,55,55,110,TRUE,0,55,6/21/24
5385,8/6/24,2024-06-12T09:10:36.09Z,6/12/24,,Y,56,78,134,TRUE,0,78,6/21/24
5159,8/11/24,2024-06-12T09:10:36.09Z,6/12/24,,Y,0,0,0,TRUE,0,0,6/21/24
5620,7/31/24,2024-06-12T09:10:36.09Z,6/12/24,,Y,62,86,148,TRUE,0,86,6/21/24
5620,8/19/24,2024-06-12T09:10:36.09Z,6/12/24,,Y,50,73,123,TRUE,0,73,6/21/24
5385,7/21/24,2024-06-12T09:10:36.09Z,6/12/24,,Y,28,50,78,TRUE,0,50,6/21/24
5159,7/12/24,2024-06-12T09:10:36.09Z,6/12/24,,Y,0,18,18,TRUE,0,18,6/21/24
5620,7/12/24,2024-06-12T09:10:36.09Z,6/12/24,,Y,43,69,112,TRUE,1,68,6/21/24
5641,8/5/24,2024-06-12T09:10:36.09Z,6/12/24,,Y,55,55,110,TRUE,0,55,6/21/24
5423,8/14/24,2024-06-12T09:10:36.09Z,6/12/24,,Y,15,15,30,TRUE,0,15,6/21/24
5159,6/26/24,2024-06-12T09:10:36.09Z,6/12/24,,Y,0,18,18,TRUE,0,18,6/21/24
5423,8/4/24,2024-06-12T09:10:36.09Z,6/12/24,,Y,0,0,0,TRUE,0,0,6/21/24
5420,7/4/24,2024-06-12T09:10:36.09Z,6/12/24,,Y,0,0,0,TRUE,1,-1,6/21/24
5159,7/22/24,2024-06-12T09:10:36.09Z,6/12/24,,Y,0,18,18,TRUE,0,18,6/21/24
5620,7/11/24,2024-06-12T09:10:36.09Z,6/12/24,,Y,61,85,146,TRUE,0,85,6/21/24
5159,7/6/24,2024-06-12T09:10:36.09Z,6/12/24,,Y,0,0,0,TRUE,0,0,6/21/24
5159,7/18/24,2024-06-12T09:10:36.09Z,6/12/24,,Y,0,18,18,TRUE,0,18,6/21/24
5423,6/22/24,2024-06-12T09:10:36.09Z,6/12/24,,Y,0,0,0,TRUE,0,0,6/21/24
5490,8/4/24,2024-06-12T09:10:36.09Z,6/12/24,,Y,39,25,64,TRUE,0,25,6/21/24
5410,8/5/24,2024-06-12T09:10:36.09Z,6/12/24,,Y,50,55,105,TRUE,0,55,6/21/24
5490,7/19/24,2024-06-12T09:10:36.09Z,6/12/24,,Y,60,60,120,TRUE,0,60,6/21/24
5620,8/2/24,2024-06-12T09:10:36.09Z,6/12/24,,Y,43,69,112,TRUE,0,69,6/21/24
5420,8/1/24,2024-06-12T09:10:36.09Z,6/12/24,,Y,82,95,177,TRUE,0,95,6/21/24
5159,7/25/24,2024-06-12T09:10:36.09Z,6/12/24,,Y,0,18,18,TRUE,0,18,6/21/24
5641,7/8/24,2024-06-12T09:10:36.09Z,6/12/24,,Y,55,55,110,TRUE,1,54,6/21/24
5410,7/1/24,2024-06-12T09:10:36.09Z,6/12/24,EWM cutover week ,Y,18,37,55,TRUE,5,32,6/21/24
5420,7/21/24,2024-06-12T09:10:36.09Z,6/12/24,,Y,28,36,64,TRUE,0,36,6/21/24
5385,8/9/24,2024-06-12T09:10:36.09Z,6/12/24,,Y,50,70,120,TRUE,0,70,6/21/24
5159,6/30/24,2024-06-12T09:10:36.09Z,6/12/24,,Y,0,0,0,TRUE,0,0,6/21/24
5410,8/4/24,2024-06-12T09:10:36.09Z,6/12/24,Back to normal schedule - Post EWM ,Y,25,30,55,TRUE,0,30,6/21/24
5620,6/29/24,2024-06-12T09:10:36.09Z,6/12/24,,Y,37,47,84,TRUE,2,45,6/21/24
5159,7/16/24,2024-06-12T09:10:36.09Z,6/12/24,,Y,0,18,18,TRUE,0,18,6/21/24
5490,7/7/24,2024-06-12T09:10:36.09Z,6/12/24,,Y,39,25,64,TRUE,0,25,6/21/24
5159,7/17/24,2024-06-12T09:10:36.09Z,6/12/24,,Y,0,18,18,TRUE,0,18,6/21/24
5423,8/8/24,2024-06-12T09:10:36.09Z,6/12/24,,Y,15,15,30,TRUE,0,15,6/21/24
5641,7/18/24,2024-06-12T09:10:36.09Z,6/12/24,,Y,55,55,110,TRUE,0,55,6/21/24
5423,7/12/24,2024-06-12T09:10:36.09Z,6/12/24,,Y,15,15,30,TRUE,0,15,6/21/24
5420,7/30/24,2024-06-12T09:10:36.09Z,6/12/24,,Y,83,95,178,TRUE,0,95,6/21/24
5641,8/11/24,2024-06-12T09:10:36.09Z,6/12/24,,Y,20,20,40,TRUE,0,20,6/21/24
5385,8/19/24,2024-06-12T09:10:36.09Z,6/12/24,,Y,56,72,128,TRUE,0,72,6/21/24
5641,8/2/24,2024-06-12T09:10:36.09Z,6/12/24,,Y,55,55,110,TRUE,0,55,6/21/24
5620,7/29/24,2024-06-12T09:10:36.09Z,6/12/24,,Y,50,73,123,TRUE,0,73,6/21/24
5410,8/12/24,2024-06-12T09:10:36.09Z,6/12/24,,Y,50,55,105,TRUE,0,55,6/21/24
5159,7/5/24,2024-06-12T09:10:36.09Z,6/12/24,,Y,0,18,18,TRUE,0,18,6/21/24
5641,6/24/24,2024-06-12T09:10:36.09Z,6/12/24,,Y,55,55,110,TRUE,18,37,6/21/24
5641,7/3/24,2024-06-12T09:10:36.09Z,6/12/24,July 4th,Y,55,55,110,TRUE,2,53,6/21/24
5159,8/15/24,2024-06-12T09:10:36.09Z,6/12/24,,Y,0,18,18,TRUE,0,18,6/21/24
5490,7/25/24,2024-06-12T09:10:36.09Z,6/12/24,,Y,60,60,120,TRUE,0,60,6/21/24
5159,8/20/24,2024-06-12T09:10:36.09Z,6/12/24,,Y,0,18,18,TRUE,0,18,6/21/24
5159,6/25/24,2024-06-12T09:10:36.09Z,6/12/24,,Y,0,18,18,TRUE,0,18,6/21/24
5385,8/7/24,2024-06-12T09:10:36.09Z,6/12/24,,Y,56,76,132,TRUE,0,76,6/21/24
5385,6/22/24,2024-06-12T09:10:36.09Z,6/12/24,Juneteenth,Y,28,50,78,TRUE,9,41,6/21/24
5420,8/6/24,2024-06-12T09:10:36.09Z,6/12/24,,Y,83,95,178,TRUE,0,95,6/21/24
5385,7/14/24,2024-06-12T09:10:36.09Z,6/12/24,,Y,28,50,78,TRUE,0,50,6/21/24
5385,7/24/24,2024-06-12T09:10:36.09Z,6/12/24,,Y,56,76,132,TRUE,0,76,6/21/24
5620,8/14/24,2024-06-12T09:10:36.09Z,6/12/24,,Y,62,86,148,TRUE,0,86,6/21/24
5423,7/30/24,2024-06-12T09:10:36.09Z,6/12/24,,Y,15,15,30,TRUE,0,15,6/21/24
5490,7/5/24,2024-06-12T09:10:36.09Z,6/12/24,,Y,60,60,120,TRUE,2,58,6/21/24
5641,8/9/24,2024-06-12T09:10:36.09Z,6/12/24,,Y,55,55,110,TRUE,0,55,6/21/24
5620,7/22/24,2024-06-12T09:10:36.09Z,6/12/24,,Y,50,73,123,TRUE,0,73,6/21/24
5420,8/9/24,2024-06-12T09:10:36.09Z,6/12/24,,Y,64,94,158,TRUE,0,94,6/21/24
5410,6/29/24,2024-06-12T09:10:36.09Z,6/12/24,EWM training - reduced schedule,Y,12,18,30,TRUE,7,11,6/21/24
5410,7/23/24,2024-06-12T09:10:36.09Z,6/12/24,,Y,22,39,61,TRUE,0,39,6/21/24
5423,7/7/24,2024-06-12T09:10:36.09Z,6/12/24,,Y,0,0,0,TRUE,0,0,6/21/24
5423,7/27/24,2024-06-12T09:10:36.09Z,6/12/24,,Y,0,0,0,TRUE,0,0,6/21/24
5641,7/31/24,2024-06-12T09:10:36.09Z,6/12/24,,Y,55,55,110,TRUE,0,55,6/21/24
5159,7/8/24,2024-06-12T09:10:36.09Z,6/12/24,,Y,0,18,18,TRUE,0,18,6/21/24
5423,7/21/24,2024-06-12T09:10:36.09Z,6/12/24,,Y,0,0,0,TRUE,0,0,6/21/24
5159,7/31/24,2024-06-12T09:10:36.09Z,6/12/24,,Y,0,18,18,TRUE,0,18,6/21/24
5490,8/12/24,2024-06-12T09:10:36.09Z,6/12/24,,Y,60,60,120,TRUE,0,60,6/21/24
5490,7/28/24,2024-06-12T09:10:36.09Z,6/12/24,,Y,39,25,64,TRUE,0,25,6/21/24
5423,6/23/24,2024-06-12T09:10:36.09Z,6/12/24,,Y,0,0,0,TRUE,0,0,6/21/24
5420,6/23/24,2024-06-12T09:10:36.09Z,6/12/24,,Y,28,36,64,TRUE,28,8,6/21/24
5620,8/10/24,2024-06-12T09:10:36.09Z,6/12/24,,Y,37,47,84,TRUE,0,47,6/21/24
5410,8/9/24,2024-06-12T09:10:36.09Z,6/12/24,,Y,50,56,106,TRUE,0,56,6/21/24
5641,7/21/24,2024-06-12T09:10:36.09Z,6/12/24,,Y,20,20,40,TRUE,0,20,6/21/24
5641,8/3/24,2024-06-12T09:10:36.09Z,6/12/24,,Y,20,20,40,TRUE,0,20,6/21/24
5385,8/10/24,2024-06-12T09:10:36.09Z,6/12/24,,Y,28,50,78,TRUE,0,50,6/21/24
5420,6/24/24,2024-06-12T09:10:36.09Z,6/12/24,,Y,83,92,175,TRUE,69,23,6/21/24
5490,8/11/24,2024-06-12T09:10:36.09Z,6/12/24,,Y,39,25,64,TRUE,0,25,6/21/24
5385,8/3/24,2024-06-12T09:10:36.09Z,6/12/24,,Y,28,50,78,TRUE,0,50,6/21/24
5420,7/24/24,2024-06-12T09:10:36.09Z,6/12/24,,Y,81,95,176,TRUE,0,95,6/21/24
5420,6/28/24,2024-06-12T09:10:36.09Z,6/12/24,,Y,64,94,158,TRUE,16,78,6/21/24
5410,7/27/24,2024-06-12T09:10:36.09Z,6/12/24,,Y,12,16,28,TRUE,0,16,6/21/24
5159,8/6/24,2024-06-12T09:10:36.09Z,6/12/24,,Y,0,18,18,TRUE,0,18,6/21/24
5420,8/12/24,2024-06-12T09:10:36.09Z,6/12/24,,Y,83,92,175,TRUE,0,92,6/21/24
5423,7/19/24,2024-06-12T09:10:36.09Z,6/12/24,,Y,15,15,30,TRUE,0,15,6/21/24
5410,8/10/24,2024-06-12T09:10:36.09Z,6/12/24,,Y,20,20,40,TRUE,0,20,6/21/24
5620,8/7/24,2024-06-12T09:10:36.09Z,6/12/24,,Y,62,86,148,TRUE,0,86,6/21/24
5490,8/2/24,2024-06-12T09:10:36.09Z,6/12/24,,Y,60,60,120,TRUE,0,60,6/21/24
5410,7/11/24,2024-06-12T09:10:36.09Z,6/12/24,EWM Go live week ,Y,18,30,48,TRUE,0,30,6/21/24
5423,8/19/24,2024-06-12T09:10:36.09Z,6/12/24,,Y,15,15,30,TRUE,0,15,6/21/24
5159,8/13/24,2024-06-12T09:10:36.09Z,6/12/24,,Y,0,18,18,TRUE,0,18,6/21/24
5423,8/6/24,2024-06-12T09:10:36.09Z,6/12/24,,Y,15,15,30,TRUE,0,15,6/21/24
5423,8/17/24,2024-06-12T09:10:36.09Z,6/12/24,,Y,0,0,0,TRUE,0,0,6/21/24
5410,7/10/24,2024-06-12T09:10:36.09Z,6/12/24,EWM Go live week ,Y,18,30,48,TRUE,1,29,6/21/24
5641,6/28/24,2024-06-12T09:10:36.09Z,6/12/24,,Y,55,55,110,TRUE,4,51,6/21/24
5159,7/30/24,2024-06-12T09:10:36.09Z,6/12/24,,Y,0,18,18,TRUE,0,18,6/21/24
5490,7/8/24,2024-06-12T09:10:36.09Z,6/12/24,,Y,60,60,120,TRUE,0,60,6/21/24
5620,8/15/24,2024-06-12T09:10:36.09Z,6/12/24,,Y,61,85,146,TRUE,0,85,6/21/24
5620,8/9/24,2024-06-12T09:10:36.09Z,6/12/24,,Y,43,69,112,TRUE,0,69,6/21/24
5620,8/13/24,2024-06-12T09:10:36.09Z,6/12/24,,Y,62,86,148,TRUE,0,86,6/21/24
5385,7/1/24,2024-06-12T09:10:36.09Z,6/12/24,4th of July,Y,56,72,128,TRUE,3,69,6/21/24
5423,7/14/24,2024-06-12T09:10:36.09Z,6/12/24,,Y,0,0,0,TRUE,0,0,6/21/24
5385,7/7/24,2024-06-12T09:10:36.09Z,6/12/24,4th of July,Y,28,50,78,TRUE,0,50,6/21/24
5385,7/30/24,2024-06-12T09:10:36.09Z,6/12/24,,Y,56,78,134,TRUE,0,78,6/21/24
5385,7/4/24,2024-06-12T09:10:36.09Z,6/12/24,4th of July,Y,0,0,0,TRUE,1,-1,6/21/24
5159,7/10/24,2024-06-12T09:10:36.09Z,6/12/24,,Y,0,18,18,TRUE,0,18,6/21/24
5490,8/3/24,2024-06-12T09:10:36.09Z,6/12/24,,Y,38,34,72,TRUE,0,34,6/21/24
5420,8/7/24,2024-06-12T09:10:36.09Z,6/12/24,,Y,81,95,176,TRUE,0,95,6/21/24
5420,7/31/24,2024-06-12T09:10:36.09Z,6/12/24,,Y,81,95,176,TRUE,0,95,6/21/24
5641,7/29/24,2024-06-12T09:10:36.09Z,6/12/24,,Y,55,55,110,TRUE,0,55,6/21/24
5490,6/23/24,2024-06-12T09:10:36.09Z,6/12/24,,Y,39,25,64,TRUE,11,14,6/21/24
5159,8/2/24,2024-06-12T09:10:36.09Z,6/12/24,,Y,0,18,18,TRUE,0,18,6/21/24
5423,6/25/24,2024-06-12T09:10:36.09Z,6/12/24,,Y,15,15,30,TRUE,0,15,6/21/24
5159,7/14/24,2024-06-12T09:10:36.09Z,6/12/24,,Y,0,0,0,TRUE,0,0,6/21/24
5620,6/25/24,2024-06-12T09:10:36.09Z,6/12/24,,Y,62,86,148,TRUE,50,36,6/21/24
5385,8/17/24,2024-06-12T09:10:36.09Z,6/12/24,,Y,28,50,78,TRUE,0,50,6/21/24
5159,8/9/24,2024-06-12T09:10:36.09Z,6/12/24,,Y,0,18,18,TRUE,0,18,6/21/24
5641,6/26/24,2024-06-12T09:10:36.09Z,6/12/24,,Y,55,55,110,TRUE,22,33,6/21/24
5620,7/20/24,2024-06-12T09:10:36.09Z,6/12/24,,Y,37,47,84,TRUE,0,47,6/21/24
5423,7/22/24,2024-06-12T09:10:36.09Z,6/12/24,,Y,15,15,30,TRUE,0,15,6/21/24
5423,7/2/24,2024-06-12T09:10:36.09Z,6/12/24,,Y,15,15,30,TRUE,0,15,6/21/24
5385,6/24/24,2024-06-12T09:10:36.09Z,6/12/24,,Y,56,72,128,TRUE,39,33,6/21/24
5490,8/18/24,2024-06-12T09:10:36.09Z,6/12/24,,Y,39,25,64,TRUE,0,25,6/21/24
5410,8/7/24,2024-06-12T09:10:36.09Z,6/12/24,,Y,53,56,109,TRUE,0,56,6/21/24
5385,6/29/24,2024-06-12T09:10:36.09Z,6/12/24,,Y,28,50,78,TRUE,3,47,6/21/24
5410,7/6/24,2024-06-12T09:10:36.09Z,6/12/24,EWM cutover week ,Y,0,0,0,TRUE,0,0,6/21/24
5641,8/4/24,2024-06-12T09:10:36.09Z,6/12/24,,Y,20,20,40,TRUE,0,20,6/21/24
5620,7/14/24,2024-06-12T09:10:36.09Z,6/12/24,,Y,37,52,89,TRUE,1,51,6/21/24
5420,8/18/24,2024-06-12T09:10:36.09Z,6/12/24,,Y,28,36,64,TRUE,0,36,6/21/24
5385,7/8/24,2024-06-12T09:10:36.09Z,6/12/24,,Y,56,72,128,TRUE,1,71,6/21/24
5641,8/12/24,2024-06-12T09:10:36.09Z,6/12/24,,Y,55,55,110,TRUE,0,55,6/21/24
5641,7/24/24,2024-06-12T09:10:36.09Z,6/12/24,,Y,55,55,110,TRUE,0,55,6/21/24
5159,8/14/24,2024-06-12T09:10:36.09Z,6/12/24,,Y,0,18,18,TRUE,0,18,6/21/24
5490,7/10/24,2024-06-12T09:10:36.09Z,6/12/24,,Y,60,60,120,TRUE,1,59,6/21/24
5410,7/7/24,2024-06-12T09:10:36.09Z,6/12/24,EWM cutover week ,Y,0,0,0,TRUE,0,0,6/21/24
5641,7/9/24,2024-06-12T09:10:36.09Z,6/12/24,,Y,55,55,110,TRUE,0,55,6/21/24
5385,7/25/24,2024-06-12T09:10:36.09Z,6/12/24,,Y,57,73,130,TRUE,0,73,6/21/24
5641,6/23/24,2024-06-12T09:10:36.09Z,6/12/24,,Y,20,20,40,TRUE,12,8,6/21/24
5490,7/27/24,2024-06-12T09:10:36.09Z,6/12/24,,Y,38,34,72,TRUE,0,34,6/21/24
5641,7/26/24,2024-06-12T09:10:36.09Z,6/12/24,,Y,55,55,110,TRUE,0,55,6/21/24
5641,6/29/24,2024-06-12T09:10:36.09Z,6/12/24,,Y,20,20,40,TRUE,3,17,6/21/24
5641,8/19/24,2024-06-12T09:10:36.09Z,6/12/24,,Y,55,55,110,TRUE,0,55,6/21/24
5620,7/18/24,2024-06-12T09:10:36.09Z,6/12/24,,Y,61,85,146,TRUE,0,85,6/21/24
5159,7/13/24,2024-06-12T09:10:36.09Z,6/12/24,,Y,0,0,0,TRUE,0,0,6/21/24
5641,7/10/24,2024-06-12T09:10:36.09Z,6/12/24,,Y,55,55,110,TRUE,0,55,6/21/24
5159,8/4/24,2024-06-12T09:10:36.09Z,6/12/24,,Y,0,0,0,TRUE,0,0,6/21/24
5641,8/16/24,2024-06-12T09:10:36.09Z,6/12/24,,Y,55,55,110,TRUE,0,55,6/21/24
5159,6/22/24,2024-06-12T09:10:36.09Z,6/12/24,,Y,0,0,0,TRUE,0,0,6/21/24
5641,8/10/24,2024-06-12T09:10:36.09Z,6/12/24,,Y,20,20,40,TRUE,0,20,6/21/24
5490,7/11/24,2024-06-12T09:10:36.09Z,6/12/24,,Y,60,60,120,TRUE,0,60,6/21/24
5490,7/6/24,2024-06-12T09:10:36.09Z,6/12/24,,Y,38,34,72,TRUE,0,34,6/21/24
5423,7/28/24,2024-06-12T09:10:36.09Z,6/12/24,,Y,0,0,0,TRUE,0,0,6/21/24
5420,8/19/24,2024-06-12T09:10:36.09Z,6/12/24,,Y,83,92,175,TRUE,0,92,6/21/24
5423,7/17/24,2024-06-12T09:10:36.09Z,6/12/24,,Y,15,15,30,TRUE,0,15,6/21/24
5620,7/1/24,2024-06-12T09:10:36.09Z,6/12/24,Closed July 4th,Y,50,73,123,TRUE,5,68,6/21/24
5420,7/13/24,2024-06-12T09:10:36.09Z,6/12/24,,Y,25,37,62,TRUE,0,37,6/21/24
5385,6/25/24,2024-06-12T09:10:36.09Z,6/12/24,,Y,56,78,134,TRUE,59,19,6/21/24
5490,7/3/24,2024-06-12T09:10:36.09Z,6/12/24,,Y,60,60,120,TRUE,2,58,6/21/24
5620,7/21/24,2024-06-12T09:10:36.09Z,6/12/24,,Y,37,52,89,TRUE,0,52,6/21/24
5620,6/27/24,2024-06-12T09:10:36.09Z,6/12/24,,Y,61,85,146,TRUE,40,45,6/21/24
5410,7/31/24,2024-06-12T09:10:36.09Z,6/12/24,Back to normal schedule - Post EWM ,Y,53,56,109,TRUE,0,56,6/21/24
5620,7/25/24,2024-06-12T09:10:36.09Z,6/12/24,,Y,61,85,146,TRUE,0,85,6/21/24
5410,6/27/24,2024-06-12T09:10:36.09Z,6/12/24,EWM training - reduced schedule,Y,27,35,62,TRUE,27,8,6/21/24
5490,8/10/24,2024-06-12T09:10:36.09Z,6/12/24,,Y,38,34,72,TRUE,0,34,6/21/24
5490,7/26/24,2024-06-12T09:10:36.09Z,6/12/24,,Y,60,60,120,TRUE,0,60,6/21/24
5423,8/7/24,2024-06-12T09:10:36.09Z,6/12/24,,Y,15,15,30,TRUE,0,15,6/21/24
5490,6/24/24,2024-06-12T09:10:36.09Z,6/12/24,,Y,60,60,120,TRUE,24,36,6/21/24
5159,7/3/24,2024-06-12T09:10:36.09Z,6/12/24,,Y,0,18,18,TRUE,0,18,6/21/24
5620,8/18/24,2024-06-12T09:10:36.09Z,6/12/24,,Y,37,52,89,TRUE,0,52,6/21/24
5420,6/29/24,2024-06-12T09:10:36.09Z,6/12/24,,Y,25,37,62,TRUE,8,29,6/21/24
5385,7/16/24,2024-06-12T09:10:36.09Z,6/12/24,,Y,56,78,134,TRUE,0,78,6/21/24
5620,7/17/24,2024-06-12T09:10:36.09Z,6/12/24,,Y,62,86,148,TRUE,0,86,6/21/24
5159,6/23/24,2024-06-12T09:10:36.09Z,6/12/24,,Y,0,0,0,TRUE,0,0,6/21/24
5423,6/29/24,2024-06-12T09:10:36.09Z,6/12/24,,Y,0,0,0,TRUE,0,0,6/21/24
5490,7/12/24,2024-06-12T09:10:36.09Z,6/12/24,,Y,60,60,120,TRUE,0,60,6/21/24
5420,7/28/24,2024-06-12T09:10:36.09Z,6/12/24,,Y,28,36,64,TRUE,0,36,6/21/24
5423,6/30/24,2024-06-12T09:10:36.09Z,6/12/24,,Y,0,0,0,TRUE,0,0,6/21/24
5641,6/25/24,2024-06-12T09:10:36.09Z,6/12/24,,Y,55,55,110,TRUE,34,21,6/21/24
5641,7/28/24,2024-06-12T09:10:36.09Z,6/12/24,,Y,20,20,40,TRUE,0,20,6/21/24
5420,8/11/24,2024-06-12T09:10:36.09Z,6/12/24,,Y,28,36,64,TRUE,0,36,6/21/24
5410,7/16/24,2024-06-12T09:10:36.09Z,6/12/24,,Y,22,39,61,TRUE,0,39,6/21/24
5410,7/3/24,2024-06-12T09:10:36.09Z,6/12/24,EWM cutover week ,Y,12,26,38,TRUE,2,24,6/21/24
5420,7/3/24,2024-06-12T09:10:36.09Z,6/12/24,,Y,81,95,176,TRUE,11,84,6/21/24
5410,7/30/24,2024-06-12T09:10:36.09Z,6/12/24,Back to normal schedule - Post EWM ,Y,54,55,109,TRUE,0,55,6/21/24
5423,7/31/24,2024-06-12T09:10:36.09Z,6/12/24,,Y,15,15,30,TRUE,0,15,6/21/24
5159,7/9/24,2024-06-12T09:10:36.09Z,6/12/24,,Y,0,18,18,TRUE,0,18,6/21/24
5385,6/30/24,2024-06-12T09:10:36.09Z,6/12/24,,Y,28,50,78,TRUE,5,45,6/21/24
5410,7/20/24,2024-06-12T09:10:36.09Z,6/12/24,,Y,12,16,28,TRUE,0,16,6/21/24
5641,7/13/24,2024-06-12T09:10:36.09Z,6/12/24,,Y,20,20,40,TRUE,0,20,6/21/24
5410,6/26/24,2024-06-12T09:10:36.09Z,6/12/24,EWM training - reduced schedule,Y,27,35,62,TRUE,35,0,6/21/24
5620,6/30/24,2024-06-12T09:10:36.09Z,6/12/24,,Y,37,52,89,TRUE,4,48,6/21/24
5159,7/26/24,2024-06-12T09:10:36.09Z,6/12/24,,Y,0,18,18,TRUE,0,18,6/21/24
5159,8/8/24,2024-06-12T09:10:36.09Z,6/12/24,,Y,0,18,18,TRUE,0,18,6/21/24
5159,7/4/24,2024-06-12T09:10:36.09Z,6/12/24,,Y,0,18,18,TRUE,0,18,6/21/24
5641,7/20/24,2024-06-12T09:10:36.09Z,6/12/24,,Y,20,20,40,TRUE,0,20,6/21/24
5423,7/4/24,2024-06-12T09:10:36.09Z,6/12/24,,Y,15,15,30,TRUE,0,15,6/21/24
5159,8/12/24,2024-06-12T09:10:36.09Z,6/12/24,,Y,0,18,18,TRUE,0,18,6/21/24
5423,7/18/24,2024-06-12T09:10:36.09Z,6/12/24,,Y,15,15,30,TRUE,0,15,6/21/24
5620,7/16/24,2024-06-12T09:10:36.09Z,6/12/24,,Y,62,86,148,TRUE,1,85,6/21/24
5410,8/2/24,2024-06-12T09:10:36.09Z,6/12/24,Back to normal schedule - Post EWM ,Y,50,56,106,TRUE,0,56,6/21/24
5420,7/14/24,2024-06-12T09:10:36.09Z,6/12/24,,Y,28,36,64,TRUE,0,36,6/21/24
5159,7/20/24,2024-06-12T09:10:36.09Z,6/12/24,,Y,0,0,0,TRUE,0,0,6/21/24
5410,7/18/24,2024-06-12T09:10:36.09Z,6/12/24,,Y,22,39,61,TRUE,0,39,6/21/24
5620,7/23/24,2024-06-12T09:10:36.09Z,6/12/24,,Y,62,86,148,TRUE,0,86,6/21/24
5410,6/22/24,2024-06-12T09:10:36.09Z,6/12/24,Juneteenth closed 6/19,Y,12,18,30,TRUE,14,4,6/21/24
5641,7/16/24,2024-06-12T09:10:36.09Z,6/12/24,,Y,55,55,110,TRUE,0,55,6/21/24
5641,8/7/24,2024-06-12T09:10:36.09Z,6/12/24,,Y,55,55,110,TRUE,0,55,6/21/24
5641,7/19/24,2024-06-12T09:10:36.09Z,6/12/24,,Y,55,55,110,TRUE,0,55,6/21/24
5641,7/4/24,2024-06-12T09:10:36.09Z,6/12/24,July 4th,Y,0,0,0,TRUE,0,0,6/21/24
5620,7/10/24,2024-06-12T09:10:36.09Z,6/12/24,,Y,62,86,148,TRUE,0,86,6/21/24
5385,7/3/24,2024-06-12T09:10:36.09Z,6/12/24,4th of July,Y,56,76,132,TRUE,2,74,6/21/24
5620,7/5/24,2024-06-12T09:10:36.09Z,6/12/24,Closed July 4th,Y,43,69,112,TRUE,2,67,6/21/24
5385,7/17/24,2024-06-12T09:10:36.09Z,6/12/24,,Y,56,76,132,TRUE,0,76,6/21/24
5420,7/22/24,2024-06-12T09:10:36.09Z,6/12/24,,Y,83,92,175,TRUE,0,92,6/21/24
5490,8/19/24,2024-06-12T09:10:36.09Z,6/12/24,,Y,60,60,120,TRUE,0,60,6/21/24
5490,7/21/24,2024-06-12T09:10:36.09Z,6/12/24,,Y,39,25,64,TRUE,0,25,6/21/24
5159,8/3/24,2024-06-12T09:10:36.09Z,6/12/24,,Y,0,0,0,TRUE,0,0,6/21/24
5420,8/3/24,2024-06-12T09:10:36.09Z,6/12/24,,Y,25,37,62,TRUE,0,37,6/21/24
5620,7/24/24,2024-06-12T09:10:36.09Z,6/12/24,,Y,62,86,148,TRUE,0,86,6/21/24
5423,7/16/24,2024-06-12T09:10:36.09Z,6/12/24,,Y,15,15,30,TRUE,0,15,6/21/24
5423,7/26/24,2024-06-12T09:10:36.09Z,6/12/24,,Y,15,15,30,TRUE,0,15,6/21/24
5410,7/14/24,2024-06-12T09:10:36.09Z,6/12/24,EWM Go live week ,Y,20,30,50,TRUE,0,30,6/21/24
5159,6/29/24,2024-06-12T09:10:36.09Z,6/12/24,,Y,0,0,0,TRUE,0,0,6/21/24
5620,7/30/24,2024-06-12T09:10:36.09Z,6/12/24,,Y,62,86,148,TRUE,0,86,6/21/24
5490,7/13/24,2024-06-12T09:10:36.09Z,6/12/24,,Y,38,34,72,TRUE,0,34,6/21/24
5410,8/8/24,2024-06-12T09:10:36.09Z,6/12/24,,Y,50,56,106,TRUE,0,56,6/21/24
5620,7/15/24,2024-06-12T09:10:36.09Z,6/12/24,,Y,50,73,123,TRUE,0,73,6/21/24
5385,7/31/24,2024-06-12T09:10:36.09Z,6/12/24,,Y,56,76,132,TRUE,0,76,6/21/24
5410,7/21/24,2024-06-12T09:10:36.09Z,6/12/24,,Y,20,30,50,TRUE,0,30,6/21/24
5620,7/2/24,2024-06-12T09:10:36.09Z,6/12/24,Closed July 4th,Y,62,86,148,TRUE,7,79,6/21/24
5420,8/14/24,2024-06-12T09:10:36.09Z,6/12/24,,Y,81,95,176,TRUE,0,95,6/21/24
5423,6/26/24,2024-06-12T09:10:36.09Z,6/12/24,,Y,15,15,30,TRUE,0,15,6/21/24
5620,6/22/24,2024-06-12T09:10:36.09Z,6/12/24,Closed Juneteenth,Y,37,47,84,TRUE,10,37,6/21/24